ID,PoseLabel
74866.jpg,5_17_6
74868.jpg,3_11_23
74873.jpg,3_11_32
74882.jpg,1_4_57
74885.jpg,1_4_28
74886.jpg,0_3_73
74889.jpg,0_2_29
74894.jpg,4_14_10
74902.jpg,0_2_22
74933.jpg,0_2_21
74945.jpg,1_4_57
74954.jpg,0_3_74
74958.jpg,1_5_13
74963.jpg,1_4_28
74966.jpg,0_2_75
74969.jpg,0_3_62
74970.jpg,1_5_72
74987.jpg,1_7_52
74989.jpg,0_3_61
75003.jpg,0_1_36
75007.jpg,1_8_47
75008.jpg,1_6_76
75015.jpg,0_0_18
75019.jpg,2_9_14
75035.jpg,0_2_75
75039.jpg,1_4_57
75046.jpg,4_14_10
75049.jpg,4_14_10
75057.jpg,1_8_47
75059.jpg,5_19_2
75061.jpg,1_8_47
75063.jpg,1_4_57
75075.jpg,2_9_14
75079.jpg,0_2_21
75080.jpg,0_0_68
75082.jpg,2_9_53
75092.jpg,4_13_66
75107.jpg,5_17_5
75110.jpg,3_11_63
75113.jpg,3_11_23
75116.jpg,3_12_45
75117.jpg,1_4_41
75118.jpg,5_17_71
75123.jpg,3_12_51
75131.jpg,0_2_22
75132.jpg,3_11_32
75133.jpg,5_17_70
75137.jpg,0_2_31
75138.jpg,0_2_21
75143.jpg,0_1_16
75144.jpg,1_4_57
75146.jpg,0_1_17
75154.jpg,2_9_50
75157.jpg,4_15_56
75158.jpg,4_16_26
75159.jpg,1_5_30
75162.jpg,0_2_40
75166.jpg,1_8_47
75168.jpg,1_5_30
75169.jpg,1_4_57
75173.jpg,5_18_7
75194.jpg,5_18_7
75195.jpg,1_7_49
75198.jpg,1_5_72
75203.jpg,1_5_72
75204.jpg,4_13_12
75216.jpg,4_14_10
75219.jpg,4_14_10
75225.jpg,5_17_5
75226.jpg,0_2_22
75233.jpg,2_9_24
75236.jpg,2_9_14
75239.jpg,0_2_40
75240.jpg,0_3_39
75241.jpg,5_18_7
75246.jpg,1_7_67
75249.jpg,0_2_21
75256.jpg,2_9_11
75261.jpg,3_11_37
75271.jpg,1_4_57
75272.jpg,1_4_41
75275.jpg,4_14_10
75280.jpg,2_10_46
75284.jpg,1_4_57
75286.jpg,1_7_49
75287.jpg,3_12_45
75291.jpg,5_17_70
75295.jpg,5_17_6
75296.jpg,4_13_33
75298.jpg,3_12_45
75308.jpg,4_13_33
75311.jpg,4_14_10
75319.jpg,0_0_18
75323.jpg,1_4_57
75327.jpg,4_15_54
75329.jpg,1_4_57
75330.jpg,5_18_7
75334.jpg,0_3_62
75343.jpg,1_5_13
75347.jpg,0_2_21
75353.jpg,0_0_18
75373.jpg,4_14_9
75376.jpg,3_11_32
75377.jpg,0_2_75
75379.jpg,5_17_69
75380.jpg,4_13_25
75381.jpg,5_19_2
75382.jpg,4_13_12
75386.jpg,4_13_65
75392.jpg,5_19_2
75399.jpg,4_14_9
75403.jpg,1_4_57
75407.jpg,0_2_40
75419.jpg,4_13_25
75422.jpg,1_4_57
75426.jpg,0_0_68
75428.jpg,2_9_50
75442.jpg,0_1_77
75444.jpg,5_19_4
75452.jpg,5_17_78
75453.jpg,1_4_57
75454.jpg,0_2_21
75455.jpg,0_2_31
75461.jpg,0_2_31
75468.jpg,0_3_39
75469.jpg,0_3_62
75470.jpg,5_17_5
75474.jpg,1_4_3
75476.jpg,0_2_40
75481.jpg,1_4_57
75483.jpg,0_1_77
75484.jpg,1_5_1
75487.jpg,0_2_21
75497.jpg,4_13_66
75499.jpg,4_13_66
75504.jpg,1_7_67
75511.jpg,3_11_37
75518.jpg,4_14_10
75523.jpg,1_8_47
75530.jpg,3_12_45
75537.jpg,1_7_67
75553.jpg,5_19_4
75559.jpg,4_13_33
75565.jpg,2_10_46
75574.jpg,1_4_57
75578.jpg,2_10_55
75580.jpg,2_9_24
75592.jpg,1_7_49
75608.jpg,1_4_57
75617.jpg,0_2_22
75633.jpg,3_11_32
75638.jpg,2_9_11
75647.jpg,1_7_49
75651.jpg,1_8_35
75653.jpg,0_1_77
75656.jpg,2_9_24
75659.jpg,3_12_45
75668.jpg,5_17_5
75669.jpg,1_7_52
75672.jpg,3_11_23
75676.jpg,0_2_22
75685.jpg,4_14_9
75689.jpg,4_16_26
75709.jpg,4_14_10
75711.jpg,1_4_57
75728.jpg,4_14_20
75735.jpg,4_13_25
75744.jpg,1_7_49
75746.jpg,0_1_60
75756.jpg,0_3_39
75757.jpg,4_14_27
75762.jpg,1_4_57
75781.jpg,1_4_57
75785.jpg,1_4_3
75804.jpg,0_0_18
75823.jpg,0_1_17
75827.jpg,0_2_75
75829.jpg,4_14_10
75837.jpg,0_2_40
75842.jpg,4_13_12
75843.jpg,2_9_11
75846.jpg,1_4_57
75863.jpg,0_2_22
75877.jpg,0_3_61
75883.jpg,4_13_65
75887.jpg,1_8_0
75888.jpg,2_10_55
75897.jpg,1_4_57
75908.jpg,5_18_7
75912.jpg,1_8_0
75915.jpg,0_3_39
75919.jpg,4_14_38
75920.jpg,5_17_6
75927.jpg,3_11_32
75938.jpg,4_16_44
75940.jpg,1_4_41
75944.jpg,0_2_29
75948.jpg,1_4_57
75952.jpg,1_4_28
75958.jpg,3_11_32
75962.jpg,3_11_63
75970.jpg,4_13_25
75978.jpg,0_3_73
75985.jpg,5_17_69
75991.jpg,0_3_74
75992.jpg,5_18_7
76001.jpg,1_4_57
76005.jpg,5_17_71
76006.jpg,0_2_21
76008.jpg,4_13_66
76010.jpg,4_15_56
76012.jpg,0_1_36
76020.jpg,3_12_45
76023.jpg,3_11_64
76037.jpg,0_0_8
76044.jpg,5_17_70
76048.jpg,5_18_7
76049.jpg,0_2_29
76051.jpg,1_6_58
76054.jpg,0_1_77
76055.jpg,1_4_57
76066.jpg,1_6_58
76072.jpg,3_11_23
76074.jpg,0_2_21
76088.jpg,0_3_74
76092.jpg,5_17_43
76093.jpg,1_4_41
76100.jpg,0_2_22
76113.jpg,1_5_30
76122.jpg,5_17_6
76125.jpg,1_4_3
76133.jpg,3_11_63
76137.jpg,4_14_10
76143.jpg,0_3_61
76144.jpg,0_2_31
76147.jpg,4_14_9
76156.jpg,5_17_5
76167.jpg,0_3_39
76169.jpg,1_4_59
76171.jpg,1_4_57
76174.jpg,0_2_40
76179.jpg,0_1_16
76180.jpg,2_10_55
76189.jpg,1_5_72
76212.jpg,0_0_68
76213.jpg,4_13_12
76234.jpg,4_14_38
76244.jpg,5_19_2
76256.jpg,0_3_39
76270.jpg,0_2_29
76272.jpg,4_13_25
76280.jpg,0_3_39
76282.jpg,1_4_41
76283.jpg,3_12_51
76289.jpg,0_1_17
76292.jpg,0_2_21
76304.jpg,5_17_5
76307.jpg,2_9_14
76309.jpg,0_0_68
76310.jpg,0_1_77
76317.jpg,4_14_9
76318.jpg,1_7_52
76326.jpg,0_3_39
76344.jpg,4_13_66
76345.jpg,1_7_67
76350.jpg,3_11_37
76356.jpg,1_4_57
76359.jpg,4_14_10
76360.jpg,1_4_41
76367.jpg,0_0_18
76368.jpg,2_10_19
76369.jpg,1_7_67
76387.jpg,2_9_11
76397.jpg,2_9_14
76398.jpg,1_4_57
76400.jpg,1_4_57
76405.jpg,0_1_16
76408.jpg,5_19_2
76412.jpg,5_17_78
76415.jpg,0_0_68
76418.jpg,2_10_19
76424.jpg,0_1_77
76427.jpg,1_7_52
76442.jpg,0_2_29
76447.jpg,5_17_69
76451.jpg,4_13_25
76452.jpg,0_2_40
76455.jpg,1_4_57
76464.jpg,4_15_56
76465.jpg,0_2_31
76482.jpg,0_2_22
76486.jpg,0_1_17
76490.jpg,4_14_20
76495.jpg,3_11_64
76497.jpg,2_10_55
76498.jpg,1_5_30
76502.jpg,1_4_57
76506.jpg,1_5_13
76523.jpg,2_9_50
76525.jpg,0_0_18
76528.jpg,5_17_6
76531.jpg,3_11_37
76536.jpg,1_4_57
76537.jpg,1_4_57
76538.jpg,2_10_46
76549.jpg,5_19_2
76551.jpg,1_4_3
76583.jpg,0_0_8
76591.jpg,1_4_57
76596.jpg,5_17_69
76604.jpg,1_4_57
76607.jpg,1_5_72
76609.jpg,1_5_72
76611.jpg,2_10_55
76622.jpg,2_10_55
76633.jpg,0_0_18
76638.jpg,0_2_75
76642.jpg,1_4_28
76652.jpg,0_2_22
76653.jpg,2_10_55
76658.jpg,0_3_39
76661.jpg,0_1_17
76679.jpg,0_0_68
76688.jpg,5_17_5
76691.jpg,5_17_5
76693.jpg,5_17_6
76705.jpg,0_2_22
76710.jpg,2_9_50
76711.jpg,1_4_57
76727.jpg,3_11_63
76734.jpg,2_9_14
76740.jpg,1_7_52
76745.jpg,4_14_20
76764.jpg,4_13_65
76772.jpg,1_8_0
76775.jpg,0_0_68
76781.jpg,3_11_64
76783.jpg,4_13_66
76786.jpg,4_14_10
76789.jpg,4_13_48
76800.jpg,1_4_57
76809.jpg,1_5_13
76811.jpg,1_7_52
76813.jpg,2_10_55
76814.jpg,1_4_57
76815.jpg,3_11_63
76816.jpg,1_4_3
76826.jpg,0_2_31
76844.jpg,3_12_51
76847.jpg,5_18_7
76848.jpg,5_17_69
76861.jpg,0_3_39
76879.jpg,4_16_26
76883.jpg,0_2_22
76884.jpg,0_0_68
76886.jpg,5_17_6
76890.jpg,5_18_7
76907.jpg,0_0_8
76911.jpg,4_13_48
76912.jpg,4_13_65
76915.jpg,4_14_10
76923.jpg,5_17_71
76924.jpg,0_1_36
76931.jpg,0_2_22
76934.jpg,1_4_57
76939.jpg,4_13_33
76945.jpg,0_0_68
76951.jpg,0_0_8
76955.jpg,1_4_57
76958.jpg,0_2_22
76959.jpg,2_9_53
76970.jpg,1_4_3
76980.jpg,0_2_29
76981.jpg,1_5_13
76984.jpg,4_14_38
76989.jpg,5_19_2
76992.jpg,5_17_69
76998.jpg,1_6_58
77002.jpg,1_4_57
77005.jpg,5_19_4
77009.jpg,1_7_52
77011.jpg,5_17_78
77016.jpg,1_8_35
77018.jpg,5_17_69
77025.jpg,1_5_1
77030.jpg,3_11_63
77031.jpg,5_17_78
77033.jpg,1_5_30
77038.jpg,2_9_50
77039.jpg,1_5_1
77048.jpg,5_17_69
77052.jpg,0_2_22
77057.jpg,1_4_28
77059.jpg,1_7_52
77060.jpg,1_8_47
77063.jpg,5_19_2
77075.jpg,0_3_39
77077.jpg,4_13_79
77109.jpg,5_19_2
77111.jpg,0_0_8
77120.jpg,0_3_62
77121.jpg,1_4_57
77125.jpg,1_4_57
77128.jpg,0_1_17
77131.jpg,1_4_3
77139.jpg,1_7_52
77141.jpg,1_4_57
77143.jpg,1_5_1
77145.jpg,0_1_77
77148.jpg,0_2_75
77149.jpg,1_8_35
77151.jpg,3_12_51
77165.jpg,1_5_13
77168.jpg,1_4_57
77171.jpg,0_3_61
77175.jpg,5_19_4
77187.jpg,1_4_57
77188.jpg,1_5_72
77189.jpg,3_12_45
77192.jpg,5_19_2
77197.jpg,1_8_47
77203.jpg,0_2_22
77205.jpg,2_9_50
77214.jpg,4_14_10
77226.jpg,0_2_31
77227.jpg,0_2_22
77237.jpg,1_4_57
77243.jpg,5_17_6
77251.jpg,0_3_39
77254.jpg,1_5_13
77257.jpg,1_6_76
77267.jpg,0_1_77
77273.jpg,5_17_78
77275.jpg,0_3_39
77279.jpg,1_4_57
77280.jpg,5_18_7
77297.jpg,5_17_69
77298.jpg,4_15_56
77307.jpg,5_17_69
77308.jpg,0_2_21
77323.jpg,4_14_27
77326.jpg,0_3_73
77329.jpg,3_11_63
77335.jpg,1_7_52
77340.jpg,1_4_57
77343.jpg,5_18_7
77349.jpg,0_2_22
77350.jpg,5_17_43
77352.jpg,4_14_10
77362.jpg,1_4_59
77363.jpg,1_7_49
77367.jpg,2_9_14
77377.jpg,3_11_23
77393.jpg,1_4_57
77403.jpg,0_3_73
77414.jpg,0_3_39
77417.jpg,0_2_21
77423.jpg,4_15_56
77425.jpg,4_14_10
77429.jpg,5_19_2
77430.jpg,0_3_39
77439.jpg,4_14_10
77445.jpg,5_17_69
77446.jpg,0_1_36
77449.jpg,5_17_5
77452.jpg,0_3_74
77454.jpg,4_14_10
77459.jpg,4_14_20
77463.jpg,0_3_73
77476.jpg,4_14_27
77477.jpg,0_2_22
77480.jpg,0_3_62
77492.jpg,5_17_69
77500.jpg,4_15_54
77501.jpg,1_4_57
77504.jpg,4_14_10
77510.jpg,1_6_76
77523.jpg,1_4_57
77531.jpg,4_14_10
77543.jpg,0_0_18
77544.jpg,5_17_69
77564.jpg,1_4_57
77565.jpg,4_15_56
77573.jpg,5_17_6
77578.jpg,1_4_57
77579.jpg,5_18_7
77580.jpg,0_2_22
77584.jpg,1_4_3
77586.jpg,4_13_25
77589.jpg,4_14_9
77594.jpg,2_10_55
77604.jpg,1_6_58
77612.jpg,4_14_27
77624.jpg,2_9_11
77629.jpg,2_9_50
77648.jpg,5_17_71
77651.jpg,5_17_5
77653.jpg,4_14_27
77659.jpg,1_8_47
77665.jpg,5_17_6
77668.jpg,1_5_30
77671.jpg,0_0_8
77680.jpg,1_4_59
77685.jpg,1_5_13
77692.jpg,1_7_52
77694.jpg,4_15_56
77703.jpg,4_14_10
77706.jpg,3_11_37
77708.jpg,4_16_15
77712.jpg,1_5_1
77726.jpg,3_11_23
77728.jpg,4_14_27
77730.jpg,0_2_22
77731.jpg,3_12_45
77740.jpg,1_7_67
77743.jpg,4_14_10
77744.jpg,3_11_23
77747.jpg,0_1_60
77750.jpg,0_2_21
77752.jpg,5_17_6
77755.jpg,0_1_60
77757.jpg,4_13_48
77761.jpg,5_17_5
77763.jpg,0_3_62
77774.jpg,4_16_26
77777.jpg,1_8_0
77779.jpg,3_11_23
77782.jpg,4_14_20
77805.jpg,1_4_57
77807.jpg,4_13_65
77810.jpg,4_14_27
77831.jpg,1_7_67
77834.jpg,4_15_56
77836.jpg,3_11_64
77842.jpg,3_11_64
77846.jpg,4_16_42
77864.jpg,3_11_37
77871.jpg,0_3_39
77873.jpg,1_7_49
77876.jpg,2_9_24
77884.jpg,1_4_57
77887.jpg,0_1_77
77889.jpg,4_14_27
77892.jpg,1_4_57
77895.jpg,3_11_32
77904.jpg,5_17_5
77906.jpg,0_2_75
77910.jpg,0_2_40
77912.jpg,0_3_74
77919.jpg,5_17_78
77930.jpg,0_1_60
77931.jpg,4_15_54
77941.jpg,1_4_57
77943.jpg,4_16_15
77944.jpg,1_4_57
77946.jpg,1_4_57
77947.jpg,4_13_65
77948.jpg,1_8_47
77959.jpg,0_2_22
77960.jpg,5_18_7
77961.jpg,3_12_51
77973.jpg,1_4_57
77979.jpg,4_14_9
77996.jpg,3_11_63
78005.jpg,1_4_41
78007.jpg,4_13_12
78008.jpg,5_17_6
78016.jpg,2_9_14
78026.jpg,3_11_64
78030.jpg,1_6_58
78035.jpg,1_4_41
78047.jpg,1_8_47
78049.jpg,0_3_62
78062.jpg,1_7_34
78063.jpg,5_17_70
78064.jpg,0_1_60
78066.jpg,0_3_62
78069.jpg,0_3_74
78074.jpg,1_6_58
78077.jpg,1_7_34
78078.jpg,5_18_7
78086.jpg,1_4_57
78096.jpg,1_5_1
78099.jpg,4_14_10
78100.jpg,0_3_39
78101.jpg,0_0_18
78102.jpg,4_14_10
78105.jpg,0_2_75
78112.jpg,2_10_46
78117.jpg,1_4_57
78118.jpg,3_11_32
78121.jpg,0_1_17
78123.jpg,0_0_8
78132.jpg,2_10_19
78133.jpg,4_13_33
78136.jpg,5_17_69
78140.jpg,4_13_33
78145.jpg,0_3_62
78146.jpg,5_17_43
78147.jpg,0_2_22
78149.jpg,1_5_13
78151.jpg,1_8_0
78158.jpg,0_0_8
78160.jpg,0_3_62
78161.jpg,5_17_43
78177.jpg,3_11_63
78178.jpg,2_9_14
78185.jpg,5_17_78
78188.jpg,1_6_58
78190.jpg,1_7_49
78198.jpg,4_13_12
78199.jpg,5_18_7
78206.jpg,0_1_36
78212.jpg,1_5_1
78213.jpg,0_2_22
78214.jpg,4_13_12
78224.jpg,1_7_49
78225.jpg,1_4_57
78232.jpg,2_9_11
78239.jpg,1_7_49
78241.jpg,0_3_62
78249.jpg,0_1_17
78251.jpg,3_11_63
78259.jpg,5_17_78
78260.jpg,3_12_51
78263.jpg,0_3_39
78264.jpg,3_11_23
78283.jpg,4_13_66
78284.jpg,0_1_77
78307.jpg,5_18_7
78311.jpg,4_13_12
78312.jpg,0_0_68
78324.jpg,0_2_29
78328.jpg,4_14_10
78334.jpg,0_2_21
78338.jpg,1_5_13
78347.jpg,1_4_3
78348.jpg,4_14_10
78351.jpg,0_2_22
78366.jpg,0_3_62
78372.jpg,1_4_57
78374.jpg,0_2_21
78377.jpg,1_6_76
78379.jpg,0_1_17
78380.jpg,4_14_38
78381.jpg,2_9_50
78388.jpg,4_13_66
78395.jpg,1_4_57
78396.jpg,4_14_38
78406.jpg,3_11_63
78408.jpg,4_14_9
78410.jpg,0_3_39
78411.jpg,0_3_62
78414.jpg,4_14_9
78416.jpg,1_4_57
78417.jpg,3_11_23
78418.jpg,2_10_55
78425.jpg,1_4_57
78428.jpg,4_14_9
78434.jpg,3_11_23
78438.jpg,0_2_31
78441.jpg,1_4_57
78447.jpg,3_12_45
78450.jpg,1_4_57
78456.jpg,4_14_10
78469.jpg,4_15_54
78473.jpg,2_9_24
78487.jpg,1_4_57
78488.jpg,1_4_57
78491.jpg,1_5_1
78494.jpg,3_11_37
78506.jpg,1_5_72
78511.jpg,3_11_32
78520.jpg,4_14_27
78522.jpg,0_0_8
78524.jpg,5_18_7
78541.jpg,1_5_1
78545.jpg,4_14_9
78548.jpg,1_7_34
78549.jpg,1_4_57
78554.jpg,1_4_57
78556.jpg,4_16_26
78558.jpg,0_3_62
78559.jpg,5_17_5
78561.jpg,3_12_45
78569.jpg,3_11_32
78584.jpg,0_0_18
78587.jpg,2_9_24
78611.jpg,1_5_30
78618.jpg,5_17_71
78645.jpg,1_4_57
78646.jpg,2_9_14
78650.jpg,4_14_9
78652.jpg,0_2_22
78661.jpg,1_5_30
78672.jpg,0_0_68
78675.jpg,1_6_58
78676.jpg,0_3_39
78682.jpg,0_1_36
78686.jpg,5_17_5
78695.jpg,1_6_58
78701.jpg,0_2_21
78712.jpg,2_9_53
78717.jpg,1_8_47
78718.jpg,2_9_24
78727.jpg,0_2_21
78736.jpg,2_10_46
78742.jpg,0_0_18
78743.jpg,1_4_57
78760.jpg,1_6_58
78768.jpg,4_14_27
78770.jpg,4_14_10
78776.jpg,1_6_76
78778.jpg,1_4_57
78788.jpg,0_0_8
78789.jpg,1_4_59
78812.jpg,1_4_28
78815.jpg,5_17_78
78820.jpg,2_10_19
78830.jpg,2_9_50
78832.jpg,1_4_57
78833.jpg,0_2_40
78837.jpg,5_17_69
78841.jpg,1_4_57
78853.jpg,4_13_65
78855.jpg,0_2_40
78863.jpg,1_5_72
78865.jpg,4_13_66
78866.jpg,1_4_57
78871.jpg,0_1_60
78873.jpg,5_17_71
78877.jpg,0_1_77
78883.jpg,1_8_47
78889.jpg,3_12_51
78892.jpg,1_8_0
78895.jpg,4_13_48
78901.jpg,4_13_65
78917.jpg,0_3_74
78921.jpg,0_3_61
78924.jpg,0_0_18
78928.jpg,0_3_39
78930.jpg,0_2_75
78938.jpg,4_15_54
78940.jpg,1_4_57
78943.jpg,4_13_48
78944.jpg,1_4_57
78957.jpg,1_7_34
78962.jpg,1_4_28
78965.jpg,4_14_10
78966.jpg,4_13_33
78967.jpg,5_17_69
78969.jpg,1_4_41
78975.jpg,4_15_54
78981.jpg,2_9_11
78983.jpg,5_17_69
78986.jpg,0_3_61
78987.jpg,4_13_25
78990.jpg,4_16_42
78993.jpg,5_17_6
78998.jpg,3_11_64
79000.jpg,4_13_65
79002.jpg,0_1_36
79005.jpg,4_14_10
79015.jpg,3_12_45
79018.jpg,4_13_66
79027.jpg,5_18_7
79029.jpg,2_10_19
79037.jpg,1_5_13
79043.jpg,2_9_14
79050.jpg,4_13_25
79051.jpg,2_9_50
79052.jpg,1_5_72
79061.jpg,4_15_56
79062.jpg,5_17_71
79078.jpg,5_17_6
79079.jpg,4_13_12
79091.jpg,0_3_61
79095.jpg,1_5_30
79099.jpg,4_14_9
79102.jpg,1_4_57
79103.jpg,1_8_47
79105.jpg,3_12_45
79111.jpg,0_0_18
79112.jpg,5_19_2
79121.jpg,5_18_7
79124.jpg,4_15_56
79137.jpg,1_7_52
79146.jpg,1_8_35
79151.jpg,2_10_55
79154.jpg,1_4_57
79164.jpg,1_8_35
79165.jpg,0_2_22
79170.jpg,5_19_2
79172.jpg,3_12_51
79175.jpg,3_11_23
79178.jpg,1_5_13
79185.jpg,1_4_57
79189.jpg,3_11_37
79199.jpg,1_4_57
79203.jpg,0_2_75
79209.jpg,2_9_14
79210.jpg,0_1_36
79221.jpg,1_4_41
79228.jpg,5_19_2
79238.jpg,4_14_10
79244.jpg,3_11_37
79279.jpg,5_17_69
79286.jpg,1_4_28
79291.jpg,1_4_57
79295.jpg,1_6_58
79303.jpg,2_10_55
79308.jpg,4_14_9
79311.jpg,5_17_69
79316.jpg,3_12_45
79317.jpg,1_7_52
79322.jpg,1_4_57
79330.jpg,3_11_63
79341.jpg,4_14_10
79348.jpg,4_13_65
79358.jpg,2_10_46
79369.jpg,0_0_18
79376.jpg,4_13_25
79393.jpg,3_12_45
79398.jpg,1_4_3
79400.jpg,1_7_52
79409.jpg,5_17_78
79412.jpg,1_8_0
79415.jpg,1_4_57
79419.jpg,1_8_47
79421.jpg,2_9_14
79423.jpg,2_9_50
79446.jpg,0_2_75
79450.jpg,3_11_37
79452.jpg,0_3_39
79455.jpg,4_13_12
79459.jpg,1_8_35
79469.jpg,5_19_4
79474.jpg,1_4_3
79488.jpg,0_2_22
79492.jpg,2_9_14
79501.jpg,5_17_71
79502.jpg,1_4_3
79514.jpg,0_2_40
79515.jpg,2_9_50
79523.jpg,0_3_74
79530.jpg,5_17_69
79541.jpg,2_10_46
79552.jpg,1_6_58
79565.jpg,1_5_13
79568.jpg,5_18_7
79582.jpg,1_6_76
79596.jpg,1_4_57
79599.jpg,1_8_47
79612.jpg,4_16_42
79615.jpg,3_12_45
79617.jpg,1_5_1
79619.jpg,1_4_57
79627.jpg,5_17_5
79630.jpg,4_16_26
79650.jpg,1_4_57
79664.jpg,0_0_18
79671.jpg,4_13_12
79675.jpg,2_9_14
79676.jpg,4_14_9
79677.jpg,0_3_61
79678.jpg,5_17_71
79682.jpg,4_14_27
79683.jpg,4_14_10
79707.jpg,3_11_64
79716.jpg,3_11_37
79729.jpg,5_17_71
79732.jpg,4_15_56
79738.jpg,1_7_67
79748.jpg,2_9_11
79750.jpg,1_4_28
79751.jpg,0_1_77
79756.jpg,2_10_55
79760.jpg,4_16_26
79769.jpg,4_13_33
79778.jpg,1_6_58
79783.jpg,1_4_57
79784.jpg,0_3_62
79788.jpg,2_9_24
79792.jpg,1_8_47
79794.jpg,1_7_49
79801.jpg,5_19_4
79802.jpg,1_5_30
79809.jpg,4_13_25
79816.jpg,1_4_3
79818.jpg,4_13_48
79821.jpg,4_14_10
79826.jpg,4_13_66
79835.jpg,4_14_10
79844.jpg,1_4_57
79850.jpg,0_3_74
79859.jpg,0_3_74
79863.jpg,5_17_78
79875.jpg,0_3_74
79876.jpg,0_1_60
79878.jpg,0_3_73
79883.jpg,4_13_25
79894.jpg,4_13_65
79907.jpg,2_10_19
79913.jpg,1_5_13
79922.jpg,3_11_63
79924.jpg,5_17_69
79939.jpg,3_11_32
79954.jpg,1_5_1
79962.jpg,4_13_65
79966.jpg,1_4_57
79969.jpg,3_12_51
79976.jpg,4_13_65
79984.jpg,1_4_57
79986.jpg,4_13_12
79991.jpg,0_2_40
80003.jpg,1_6_76
80008.jpg,1_5_30
80017.jpg,1_5_13
80018.jpg,4_16_44
80019.jpg,3_11_64
80023.jpg,4_14_20
80024.jpg,1_4_57
80026.jpg,0_1_60
80033.jpg,2_10_46
80046.jpg,4_16_26
80060.jpg,3_11_37
80070.jpg,4_14_20
80073.jpg,0_0_8
80083.jpg,0_1_77
80088.jpg,0_3_74
80100.jpg,4_14_9
80103.jpg,1_4_57
80106.jpg,0_1_17
80109.jpg,1_4_57
80110.jpg,1_5_72
80112.jpg,1_4_57
80113.jpg,0_0_68
80115.jpg,1_4_57
80119.jpg,0_2_22
80124.jpg,1_5_13
80128.jpg,5_17_6
80130.jpg,0_0_18
80132.jpg,2_9_53
80133.jpg,1_4_57
80138.jpg,3_11_63
80142.jpg,5_19_4
80153.jpg,4_13_65
80165.jpg,0_3_39
80179.jpg,0_2_22
80192.jpg,0_1_77
80201.jpg,1_8_35
80202.jpg,4_14_10
80207.jpg,3_11_63
80208.jpg,1_4_59
80213.jpg,4_13_66
80214.jpg,1_8_35
80227.jpg,5_17_5
80230.jpg,4_13_33
80235.jpg,0_1_17
80236.jpg,5_17_78
80248.jpg,1_5_1
80253.jpg,4_13_65
80264.jpg,5_17_5
80266.jpg,4_14_27
80268.jpg,3_11_63
80273.jpg,3_12_51
80276.jpg,1_4_41
80292.jpg,0_2_29
80295.jpg,1_6_58
80301.jpg,4_14_9
80325.jpg,5_17_5
80327.jpg,3_11_64
80328.jpg,0_0_18
80340.jpg,0_3_39
80341.jpg,0_0_68
80344.jpg,0_3_74
80367.jpg,0_3_61
80368.jpg,0_1_16
80393.jpg,0_0_68
80413.jpg,0_3_62
80414.jpg,5_17_71
80416.jpg,0_0_68
80436.jpg,2_9_11
80439.jpg,0_2_75
80459.jpg,0_3_39
80462.jpg,1_4_57
80487.jpg,1_6_58
80489.jpg,1_4_3
80495.jpg,0_3_74
80517.jpg,1_5_1
80522.jpg,3_12_45
80528.jpg,4_14_10
80532.jpg,1_5_30
80539.jpg,0_0_8
80544.jpg,1_5_13
80553.jpg,0_3_61
80560.jpg,2_9_53
80571.jpg,3_12_51
80574.jpg,1_5_30
80585.jpg,5_19_4
80588.jpg,0_1_17
80589.jpg,5_17_5
80607.jpg,4_15_56
80615.jpg,1_8_35
80627.jpg,1_4_57
80634.jpg,0_2_22
80637.jpg,1_4_57
80641.jpg,1_4_57
80646.jpg,1_4_57
80655.jpg,5_17_6
80670.jpg,1_4_57
80672.jpg,0_0_18
80673.jpg,2_10_19
80679.jpg,1_4_59
80691.jpg,2_10_19
80698.jpg,0_3_62
80702.jpg,3_12_45
80705.jpg,0_1_60
80707.jpg,2_9_14
80709.jpg,0_3_61
80711.jpg,0_2_22
80726.jpg,1_5_72
80727.jpg,1_4_57
80739.jpg,4_13_66
80741.jpg,5_17_78
80746.jpg,0_3_39
80763.jpg,1_4_41
80769.jpg,4_14_10
80770.jpg,0_3_73
80777.jpg,1_4_3
80781.jpg,3_12_51
80785.jpg,1_4_57
80789.jpg,1_5_13
80796.jpg,2_9_14
80811.jpg,3_11_37
80819.jpg,1_4_57
80825.jpg,4_13_25
80827.jpg,0_1_60
80828.jpg,4_16_42
80831.jpg,1_6_58
80836.jpg,1_4_57
80842.jpg,4_13_65
80849.jpg,0_2_21
80857.jpg,0_3_39
80860.jpg,1_4_57
80861.jpg,1_4_57
80862.jpg,5_17_71
80864.jpg,1_5_72
80880.jpg,0_2_29
80885.jpg,4_14_9
80889.jpg,4_13_12
80898.jpg,3_11_64
80900.jpg,1_7_34
80901.jpg,0_1_60
80902.jpg,4_14_10
80903.jpg,1_5_30
80908.jpg,2_9_24
80909.jpg,0_3_39
80922.jpg,0_1_60
80929.jpg,0_3_61
80931.jpg,5_17_69
80933.jpg,1_4_41
80934.jpg,0_1_60
80937.jpg,5_17_43
80938.jpg,3_11_32
80962.jpg,2_9_14
80970.jpg,4_13_48
80977.jpg,0_2_22
80979.jpg,0_2_22
80982.jpg,0_1_60
80988.jpg,1_6_58
80996.jpg,0_2_21
81006.jpg,1_7_52
81024.jpg,0_0_8
81046.jpg,4_13_66
81068.jpg,4_16_42
81070.jpg,3_11_23
81074.jpg,4_13_48
81076.jpg,1_4_28
81081.jpg,1_4_57
81089.jpg,5_19_2
81090.jpg,4_13_66
81091.jpg,4_13_12
81095.jpg,4_16_26
81109.jpg,5_17_70
81110.jpg,0_2_75
81114.jpg,2_9_14
81116.jpg,4_13_66
81128.jpg,5_17_69
81131.jpg,4_14_27
81137.jpg,0_1_60
81139.jpg,4_13_65
81140.jpg,5_17_6
81143.jpg,4_14_27
81151.jpg,0_3_74
81154.jpg,4_14_10
81155.jpg,4_14_10
81158.jpg,1_5_13
81184.jpg,3_11_64
81185.jpg,0_2_21
81209.jpg,1_6_58
81218.jpg,1_4_57
81224.jpg,2_9_50
81229.jpg,5_19_4
81235.jpg,0_1_36
81241.jpg,2_9_14
81245.jpg,4_14_9
81246.jpg,0_1_17
81247.jpg,1_4_28
81249.jpg,1_6_58
81250.jpg,1_4_57
81251.jpg,1_4_57
81260.jpg,4_13_66
81261.jpg,1_8_0
81265.jpg,2_9_50
81291.jpg,5_18_7
81294.jpg,0_2_22
81295.jpg,3_11_32
81296.jpg,0_2_21
81300.jpg,0_0_18
81301.jpg,1_5_30
81312.jpg,0_3_74
81313.jpg,1_4_57
81314.jpg,1_4_57
81319.jpg,0_3_39
81327.jpg,4_13_33
81328.jpg,0_1_77
81332.jpg,1_7_52
81337.jpg,1_4_57
81346.jpg,4_14_10
81354.jpg,4_13_12
81358.jpg,4_13_12
81361.jpg,0_3_62
81366.jpg,4_14_38
81376.jpg,1_8_47
81381.jpg,0_3_39
81390.jpg,1_4_57
81392.jpg,0_3_62
81395.jpg,4_15_56
81404.jpg,1_4_57
81405.jpg,1_8_0
81411.jpg,1_4_57
81412.jpg,4_14_27
81432.jpg,4_14_10
81434.jpg,1_4_57
81437.jpg,0_2_22
81445.jpg,0_1_60
81448.jpg,0_2_22
81451.jpg,5_18_7
81452.jpg,1_6_76
81456.jpg,0_2_22
81458.jpg,5_17_70
81463.jpg,0_3_74
81466.jpg,0_2_22
81471.jpg,1_4_57
81472.jpg,3_12_51
81475.jpg,4_13_12
81480.jpg,0_1_17
81481.jpg,4_16_26
81484.jpg,4_13_25
81497.jpg,1_8_0
81501.jpg,1_7_49
81503.jpg,3_12_51
81509.jpg,5_17_71
81510.jpg,4_13_12
81520.jpg,3_11_64
81524.jpg,1_8_0
81527.jpg,0_2_22
81528.jpg,1_4_57
81531.jpg,0_0_68
81533.jpg,0_1_17
81544.jpg,4_13_25
81550.jpg,2_9_50
81564.jpg,4_15_56
81579.jpg,4_13_66
81583.jpg,0_2_75
81585.jpg,4_13_65
81597.jpg,1_5_13
81600.jpg,0_1_36
81604.jpg,1_8_35
81613.jpg,2_9_50
81616.jpg,0_1_36
81617.jpg,4_15_56
81621.jpg,0_0_8
81635.jpg,1_4_57
81644.jpg,0_2_40
81646.jpg,3_11_37
81656.jpg,1_4_57
81657.jpg,0_0_18
81669.jpg,5_17_5
81670.jpg,4_13_65
81671.jpg,4_13_65
81673.jpg,1_4_57
81694.jpg,0_3_74
81696.jpg,0_3_62
81697.jpg,4_13_12
81699.jpg,1_4_57
81702.jpg,4_13_66
81715.jpg,1_4_57
81728.jpg,4_16_26
81729.jpg,0_2_40
81730.jpg,1_5_30
81732.jpg,1_7_52
81734.jpg,1_5_30
81735.jpg,0_1_36
81753.jpg,5_17_5
81758.jpg,1_4_3
81765.jpg,4_14_27
81769.jpg,0_2_21
81776.jpg,3_11_64
81781.jpg,4_14_38
81787.jpg,5_18_7
81790.jpg,4_15_56
81793.jpg,0_2_31
81795.jpg,5_17_6
81801.jpg,0_2_40
81811.jpg,2_9_53
81815.jpg,0_2_75
81830.jpg,2_10_19
81834.jpg,1_5_30
81838.jpg,1_6_58
81841.jpg,4_13_33
81842.jpg,4_14_9
81846.jpg,1_4_57
81847.jpg,0_3_61
81856.jpg,4_13_33
81864.jpg,1_7_49
81867.jpg,5_18_7
81869.jpg,2_9_53
81871.jpg,3_11_63
81875.jpg,0_2_31
81877.jpg,1_4_57
81880.jpg,3_11_32
81893.jpg,0_2_21
81896.jpg,1_5_72
81900.jpg,0_1_36
81909.jpg,5_17_78
81914.jpg,3_11_23
81917.jpg,1_4_57
81921.jpg,1_4_57
81928.jpg,2_10_19
81930.jpg,1_5_30
81935.jpg,2_9_11
81944.jpg,1_4_57
81958.jpg,5_19_4
81962.jpg,2_9_14
81963.jpg,0_0_18
81969.jpg,1_8_35
81973.jpg,2_9_24
81974.jpg,1_5_1
81978.jpg,4_14_20
81982.jpg,1_4_3
81990.jpg,2_10_55
81995.jpg,4_14_27
81997.jpg,1_4_57
82003.jpg,1_7_34
82004.jpg,5_17_6
82006.jpg,2_9_24
82025.jpg,0_3_39
82037.jpg,4_16_44
82044.jpg,1_4_57
82050.jpg,5_19_4
82053.jpg,5_17_5
82054.jpg,3_11_23
82063.jpg,0_2_31
82064.jpg,1_4_57
82081.jpg,5_17_6
82082.jpg,0_2_75
82083.jpg,5_18_7
82084.jpg,4_16_44
82086.jpg,5_17_71
82089.jpg,5_17_43
82103.jpg,1_4_57
82106.jpg,0_3_62
82124.jpg,2_9_53
82127.jpg,1_4_57
82140.jpg,5_17_71
82151.jpg,1_4_57
82162.jpg,5_18_7
82175.jpg,0_2_40
82180.jpg,0_3_74
82182.jpg,0_3_74
82186.jpg,0_3_39
82188.jpg,4_14_9
82191.jpg,4_14_10
82200.jpg,4_14_10
82202.jpg,4_14_9
82210.jpg,0_2_21
82218.jpg,0_3_39
82226.jpg,3_11_32
82228.jpg,1_4_57
82229.jpg,1_4_57
82231.jpg,2_9_14
82238.jpg,1_7_49
82243.jpg,4_13_12
82246.jpg,0_1_60
82251.jpg,1_4_57
82252.jpg,1_4_57
82259.jpg,3_11_63
82265.jpg,0_1_60
82266.jpg,0_0_8
82273.jpg,0_2_40
82274.jpg,0_0_8
82279.jpg,5_18_7
82286.jpg,1_4_57
82297.jpg,1_7_52
82308.jpg,0_2_31
82309.jpg,0_2_40
82313.jpg,0_0_18
82317.jpg,1_8_47
82318.jpg,0_2_22
82325.jpg,4_13_65
82340.jpg,1_4_57
82344.jpg,1_4_57
82345.jpg,1_5_72
82358.jpg,0_3_62
82365.jpg,5_17_5
82368.jpg,5_17_6
82371.jpg,5_19_4
82399.jpg,1_7_49
82400.jpg,0_1_16
82402.jpg,4_14_10
82409.jpg,4_16_26
82416.jpg,2_9_11
82421.jpg,4_13_25
82422.jpg,0_2_21
82436.jpg,3_11_23
82438.jpg,3_12_51
82458.jpg,5_17_78
82461.jpg,1_4_57
82466.jpg,0_2_21
82470.jpg,4_16_26
82472.jpg,5_17_5
82485.jpg,4_14_10
82489.jpg,0_2_22
82491.jpg,1_7_67
82501.jpg,0_0_68
82507.jpg,0_0_18
82511.jpg,4_14_10
82528.jpg,5_18_7
82532.jpg,5_17_5
82533.jpg,4_14_9
82538.jpg,1_7_49
82559.jpg,3_11_37
82563.jpg,3_11_32
82569.jpg,0_2_21
82570.jpg,0_2_40
82582.jpg,4_13_66
82585.jpg,4_14_9
82586.jpg,1_7_49
82588.jpg,2_10_19
82594.jpg,1_7_49
82601.jpg,4_14_10
82602.jpg,5_18_7
82606.jpg,1_4_57
82609.jpg,1_6_76
82611.jpg,1_8_47
82613.jpg,4_13_48
82614.jpg,0_1_77
82630.jpg,1_4_57
82648.jpg,2_9_24
82669.jpg,4_13_66
82676.jpg,1_4_57
82680.jpg,0_2_75
82682.jpg,5_17_6
82699.jpg,0_0_8
82714.jpg,4_14_10
82724.jpg,1_8_35
82726.jpg,3_11_23
82743.jpg,1_5_30
82748.jpg,0_2_21
82764.jpg,1_7_49
82767.jpg,4_16_26
82770.jpg,0_3_73
82771.jpg,4_13_65
82796.jpg,5_18_7
82801.jpg,3_12_51
82810.jpg,3_12_45
82822.jpg,3_11_23
82825.jpg,1_7_52
82827.jpg,4_16_44
82833.jpg,4_15_54
82843.jpg,5_17_6
82851.jpg,4_14_9
82856.jpg,0_3_74
82862.jpg,4_13_65
82866.jpg,0_2_22
82868.jpg,1_7_52
82874.jpg,0_1_77
82886.jpg,0_1_17
82887.jpg,3_11_23
82901.jpg,5_17_5
82904.jpg,1_5_13
82918.jpg,1_5_13
82926.jpg,0_0_68
82927.jpg,3_11_63
82929.jpg,0_2_31
82930.jpg,4_16_44
82941.jpg,4_14_9
82945.jpg,1_8_0
82948.jpg,0_2_22
82958.jpg,0_3_39
82959.jpg,0_0_68
82961.jpg,0_0_8
82964.jpg,0_2_31
82966.jpg,0_2_22
82971.jpg,5_19_4
82980.jpg,0_1_60
82989.jpg,4_16_44
83002.jpg,5_19_4
83013.jpg,1_5_72
83022.jpg,1_7_67
83024.jpg,1_4_57
83037.jpg,1_4_57
83038.jpg,0_2_22
83043.jpg,4_14_38
83047.jpg,5_17_6
83049.jpg,0_2_22
83062.jpg,0_1_36
83065.jpg,5_17_6
83066.jpg,5_19_4
83067.jpg,3_11_32
83073.jpg,5_18_7
83080.jpg,1_4_57
83086.jpg,0_2_75
83088.jpg,1_5_13
83091.jpg,1_5_13
83094.jpg,5_17_69
83095.jpg,4_14_38
83101.jpg,5_18_7
83106.jpg,3_11_32
83121.jpg,1_5_30
83122.jpg,1_8_35
83124.jpg,3_12_45
83141.jpg,1_4_3
83143.jpg,3_12_45
83144.jpg,1_4_57
83157.jpg,1_6_58
83158.jpg,1_4_57
83161.jpg,1_7_52
83163.jpg,1_4_57
83164.jpg,1_4_57
83171.jpg,1_4_57
83172.jpg,5_17_6
83174.jpg,4_14_10
83186.jpg,1_4_57
83204.jpg,5_19_4
83205.jpg,3_11_23
83207.jpg,4_13_33
83210.jpg,5_19_2
83213.jpg,1_5_13
83216.jpg,1_4_57
83222.jpg,4_14_10
83227.jpg,0_2_31
83231.jpg,1_4_57
83232.jpg,2_10_19
83240.jpg,0_3_62
83268.jpg,5_17_5
83269.jpg,1_7_34
83271.jpg,4_14_27
83278.jpg,4_13_48
83279.jpg,5_19_4
83281.jpg,4_13_66
83284.jpg,4_16_26
83290.jpg,3_11_64
83296.jpg,1_4_57
83298.jpg,0_2_22
83306.jpg,5_19_4
83308.jpg,4_16_42
83318.jpg,1_8_35
83319.jpg,2_10_19
83324.jpg,0_2_31
83329.jpg,4_13_66
83330.jpg,5_19_2
83333.jpg,2_9_14
83343.jpg,1_4_57
83346.jpg,1_5_30
83351.jpg,4_16_42
83359.jpg,3_11_63
83363.jpg,4_13_25
83372.jpg,2_9_50
83373.jpg,5_17_78
83379.jpg,1_4_57
83380.jpg,1_4_3
83387.jpg,1_4_57
83389.jpg,0_2_75
83396.jpg,0_3_61
83403.jpg,0_2_21
83406.jpg,5_17_5
83411.jpg,0_1_17
83422.jpg,0_1_36
83423.jpg,0_3_74
83424.jpg,1_4_57
83428.jpg,1_4_57
83439.jpg,0_1_60
83445.jpg,2_10_55
83447.jpg,2_9_24
83453.jpg,0_3_74
83456.jpg,0_2_75
83465.jpg,1_4_28
83484.jpg,4_16_26
83490.jpg,5_19_4
83491.jpg,5_17_71
83492.jpg,5_17_78
83493.jpg,0_3_39
83494.jpg,3_11_63
83498.jpg,1_4_57
83499.jpg,4_14_20
83503.jpg,4_13_33
83519.jpg,0_2_31
83528.jpg,1_4_59
83533.jpg,3_11_23
83540.jpg,5_19_4
83543.jpg,3_11_32
83553.jpg,0_1_36
83554.jpg,0_0_8
83569.jpg,3_11_23
83572.jpg,1_4_57
83578.jpg,2_9_14
83599.jpg,4_13_12
83601.jpg,0_3_61
83603.jpg,0_2_22
83610.jpg,1_8_0
83611.jpg,5_19_2
83616.jpg,5_17_6
83627.jpg,4_13_66
83629.jpg,2_9_14
83633.jpg,0_1_60
83640.jpg,0_3_39
83641.jpg,1_8_47
83642.jpg,0_2_22
83658.jpg,0_0_8
83667.jpg,1_4_28
83674.jpg,4_16_26
83678.jpg,4_14_27
83679.jpg,5_17_71
83682.jpg,1_4_57
83685.jpg,1_5_13
83689.jpg,4_14_27
83693.jpg,5_17_6
83696.jpg,5_19_2
83700.jpg,4_16_26
83704.jpg,1_4_57
83708.jpg,4_14_9
83713.jpg,2_9_14
83715.jpg,4_14_20
83734.jpg,3_12_45
83738.jpg,4_14_10
83741.jpg,4_13_12
83746.jpg,5_17_5
83749.jpg,5_17_43
83750.jpg,0_3_62
83754.jpg,2_10_46
83755.jpg,2_10_19
83765.jpg,1_7_67
83770.jpg,4_14_20
83776.jpg,5_18_7
83779.jpg,1_4_57
83783.jpg,0_0_8
83785.jpg,0_2_22
83789.jpg,1_4_57
83794.jpg,0_2_40
83796.jpg,1_8_0
83801.jpg,0_2_29
83807.jpg,1_4_57
83808.jpg,4_16_26
83813.jpg,0_2_21
83815.jpg,1_7_67
83820.jpg,0_3_39
83836.jpg,0_3_74
83845.jpg,4_14_10
83853.jpg,5_17_43
83863.jpg,1_4_57
83879.jpg,4_14_20
83883.jpg,0_2_31
83884.jpg,1_5_72
83887.jpg,0_3_74
83895.jpg,0_2_40
83897.jpg,1_4_57
83899.jpg,1_8_0
83901.jpg,1_7_52
83902.jpg,2_9_14
83903.jpg,5_17_69
83906.jpg,1_5_30
83912.jpg,1_5_30
83915.jpg,1_4_57
83918.jpg,5_17_78
83919.jpg,4_13_33
83928.jpg,1_5_72
83930.jpg,1_7_67
83932.jpg,3_11_64
83937.jpg,1_4_57
83953.jpg,3_11_64
83955.jpg,4_15_56
83981.jpg,2_9_14
83985.jpg,2_10_46
83989.jpg,1_4_3
83996.jpg,5_19_4
83998.jpg,0_3_62
84000.jpg,4_14_38
84002.jpg,4_13_12
84010.jpg,1_5_72
84025.jpg,4_14_9
84026.jpg,2_10_19
84054.jpg,0_2_22
84063.jpg,0_0_8
84077.jpg,0_2_40
84084.jpg,0_1_77
84087.jpg,2_10_19
84103.jpg,2_10_55
84106.jpg,1_5_72
84107.jpg,5_19_4
84124.jpg,0_1_17
84129.jpg,1_7_49
84138.jpg,0_0_68
84150.jpg,1_6_58
84151.jpg,0_1_17
84155.jpg,1_4_57
84158.jpg,0_0_8
84163.jpg,0_1_36
84165.jpg,4_14_38
84175.jpg,0_3_74
84189.jpg,0_0_68
84200.jpg,0_0_18
84211.jpg,0_1_16
84222.jpg,2_9_14
84228.jpg,0_2_21
84233.jpg,5_17_6
84244.jpg,0_1_36
84252.jpg,4_13_25
84259.jpg,1_5_30
84265.jpg,0_2_21
84268.jpg,4_14_38
84278.jpg,0_2_29
84283.jpg,1_4_57
84286.jpg,3_12_45
84289.jpg,4_13_66
84297.jpg,0_2_31
84298.jpg,4_14_10
84299.jpg,1_4_57
84303.jpg,1_8_35
84305.jpg,1_4_57
84313.jpg,3_11_37
84316.jpg,1_5_13
84330.jpg,0_1_36
84344.jpg,5_17_43
84346.jpg,5_17_69
84356.jpg,2_9_14
84358.jpg,0_1_17
84370.jpg,1_5_13
84377.jpg,0_1_60
84378.jpg,5_18_7
84382.jpg,0_3_39
84385.jpg,4_13_66
84388.jpg,0_2_22
84391.jpg,0_1_77
84406.jpg,2_9_53
84418.jpg,4_13_12
84423.jpg,4_13_65
84429.jpg,2_9_14
84430.jpg,1_5_30
84438.jpg,4_14_10
84439.jpg,5_17_5
84453.jpg,0_1_60
84465.jpg,3_11_23
84467.jpg,0_1_77
84473.jpg,5_19_4
84476.jpg,3_12_45
84478.jpg,0_0_68
84479.jpg,5_17_71
84486.jpg,2_9_14
84488.jpg,5_17_6
84491.jpg,0_2_29
84496.jpg,1_8_0
84498.jpg,5_17_71
84503.jpg,4_15_56
84509.jpg,2_9_50
84510.jpg,0_2_21
84515.jpg,1_7_52
84516.jpg,0_0_68
84520.jpg,2_9_53
84525.jpg,0_1_60
84553.jpg,1_4_57
84556.jpg,0_1_77
84563.jpg,3_11_23
84577.jpg,5_18_7
84578.jpg,2_10_46
84580.jpg,1_7_52
84583.jpg,4_13_48
84587.jpg,4_13_25
84590.jpg,4_16_26
84592.jpg,1_4_41
84595.jpg,4_13_33
84596.jpg,3_11_37
84598.jpg,2_10_55
84614.jpg,0_1_77
84619.jpg,0_2_21
84621.jpg,4_14_10
84623.jpg,0_3_39
84625.jpg,1_4_28
84632.jpg,5_17_71
84645.jpg,5_17_70
84658.jpg,2_9_11
84667.jpg,2_9_11
84679.jpg,3_11_63
84683.jpg,3_12_45
84698.jpg,1_4_57
84708.jpg,1_5_1
84713.jpg,1_4_28
84716.jpg,0_1_77
84726.jpg,3_12_45
84750.jpg,0_0_68
84751.jpg,4_13_12
84754.jpg,0_2_22
84755.jpg,3_11_63
84759.jpg,4_13_25
84762.jpg,1_7_67
84767.jpg,4_15_56
84776.jpg,5_18_7
84781.jpg,3_12_45
84787.jpg,0_2_75
84790.jpg,0_1_60
84803.jpg,0_2_31
84804.jpg,0_3_74
84805.jpg,5_18_7
84809.jpg,2_10_19
84815.jpg,1_5_30
84819.jpg,5_17_43
84823.jpg,3_12_51
84828.jpg,1_7_49
84830.jpg,2_10_55
84833.jpg,5_19_4
84834.jpg,4_14_20
84842.jpg,0_2_40
84844.jpg,0_0_8
84858.jpg,4_13_66
84861.jpg,5_19_4
84874.jpg,0_2_40
84876.jpg,0_3_61
84881.jpg,2_10_19
84891.jpg,1_7_52
84896.jpg,2_10_55
84904.jpg,1_4_57
84908.jpg,0_2_31
84915.jpg,1_8_47
84918.jpg,1_4_57
84928.jpg,1_8_47
84931.jpg,1_7_52
84934.jpg,2_10_46
84935.jpg,1_6_58
84944.jpg,3_12_45
84949.jpg,1_7_52
84976.jpg,4_13_66
84985.jpg,1_4_57
84993.jpg,2_9_50
85001.jpg,1_5_72
85004.jpg,2_9_14
85009.jpg,1_4_57
85019.jpg,4_14_9
85040.jpg,0_0_8
85044.jpg,1_7_49
85050.jpg,1_4_57
85052.jpg,3_12_45
85066.jpg,1_4_57
85067.jpg,2_10_46
85075.jpg,4_13_12
85082.jpg,3_11_63
85084.jpg,1_4_59
85091.jpg,1_5_30
85112.jpg,1_4_57
85119.jpg,1_4_57
85141.jpg,0_3_39
85162.jpg,1_5_1
85166.jpg,5_17_69
85169.jpg,1_7_49
85171.jpg,1_4_59
85176.jpg,5_17_78
85177.jpg,1_6_76
85181.jpg,1_5_72
85200.jpg,1_6_76
85204.jpg,3_11_37
85209.jpg,1_5_13
85210.jpg,0_0_18
85220.jpg,1_4_57
85224.jpg,1_4_57
85227.jpg,1_4_57
85242.jpg,5_17_78
85266.jpg,4_14_9
85268.jpg,1_4_57
85269.jpg,1_7_52
85271.jpg,0_3_39
85273.jpg,5_17_5
85284.jpg,0_0_68
85286.jpg,0_2_21
85287.jpg,0_2_21
85302.jpg,4_15_56
85310.jpg,0_2_22
85318.jpg,0_2_29
85329.jpg,4_14_10
85332.jpg,1_7_34
85336.jpg,0_1_36
85341.jpg,0_2_29
85355.jpg,5_19_2
85356.jpg,5_17_78
85357.jpg,4_16_44
85365.jpg,1_6_58
85366.jpg,4_13_12
85386.jpg,4_13_12
85408.jpg,4_13_66
85410.jpg,5_19_2
85414.jpg,1_8_47
85432.jpg,0_1_77
85435.jpg,4_13_25
85438.jpg,4_15_54
85458.jpg,1_4_57
85470.jpg,4_14_38
85471.jpg,4_13_65
85475.jpg,0_2_22
85476.jpg,0_2_21
85484.jpg,1_5_13
85486.jpg,1_5_72
85493.jpg,0_2_75
85522.jpg,1_6_58
85537.jpg,3_11_32
85539.jpg,1_4_57
85541.jpg,1_4_57
85551.jpg,0_2_21
85560.jpg,4_13_12
85570.jpg,4_13_48
85572.jpg,0_1_60
85579.jpg,5_19_4
85594.jpg,4_14_10
85597.jpg,1_4_57
85600.jpg,3_11_63
85601.jpg,0_3_61
85612.jpg,2_9_50
85614.jpg,1_7_52
85615.jpg,4_14_10
85630.jpg,0_2_21
85637.jpg,1_5_72
85639.jpg,0_1_60
85640.jpg,1_5_13
85644.jpg,4_16_26
85650.jpg,4_14_9
85655.jpg,0_2_31
85656.jpg,1_4_57
85666.jpg,1_4_57
85670.jpg,5_17_78
85676.jpg,1_6_58
85686.jpg,1_4_57
85688.jpg,3_12_51
85690.jpg,4_13_48
85702.jpg,0_3_62
85707.jpg,4_15_56
85716.jpg,0_2_31
85719.jpg,4_13_48
85722.jpg,0_2_21
85730.jpg,1_4_57
85736.jpg,0_2_31
85741.jpg,2_9_53
85745.jpg,1_4_57
85748.jpg,1_4_57
85749.jpg,3_11_32
85754.jpg,3_11_63
85757.jpg,4_14_10
85770.jpg,0_3_73
85771.jpg,0_1_60
85772.jpg,1_7_52
85779.jpg,2_10_55
85784.jpg,2_9_50
85788.jpg,3_11_32
85790.jpg,2_9_53
85795.jpg,1_4_3
85797.jpg,4_13_66
85800.jpg,0_1_36
85805.jpg,0_2_29
85807.jpg,3_11_64
85812.jpg,0_3_61
85813.jpg,4_14_27
85816.jpg,0_3_62
85817.jpg,1_4_28
85829.jpg,1_4_28
85835.jpg,1_4_57
85836.jpg,4_16_44
85845.jpg,5_19_4
85846.jpg,4_14_9
85849.jpg,5_19_2
85869.jpg,2_9_53
85874.jpg,0_2_40
85876.jpg,0_3_39
85878.jpg,5_17_78
85880.jpg,3_12_51
85881.jpg,5_17_70
85882.jpg,1_5_30
85884.jpg,5_17_78
85900.jpg,1_4_41
85910.jpg,4_13_48
85911.jpg,3_11_23
85913.jpg,4_13_65
85922.jpg,0_1_60
85927.jpg,4_14_10
85948.jpg,1_4_57
85952.jpg,2_9_11
85954.jpg,1_4_57
85957.jpg,1_7_49
85969.jpg,1_4_3
85975.jpg,1_8_47
85981.jpg,5_17_43
85999.jpg,0_1_60
86007.jpg,5_19_4
86011.jpg,3_11_32
86020.jpg,1_7_34
86023.jpg,4_14_9
86031.jpg,4_14_38
86032.jpg,4_13_66
86035.jpg,0_2_22
86045.jpg,0_2_75
86055.jpg,5_18_7
86067.jpg,4_14_27
86088.jpg,0_3_74
86108.jpg,3_12_45
86117.jpg,1_4_57
86125.jpg,0_2_22
86128.jpg,0_1_77
86135.jpg,4_14_38
86142.jpg,0_0_18
86149.jpg,4_14_27
86150.jpg,2_9_50
86154.jpg,2_10_55
86162.jpg,4_13_25
86167.jpg,1_5_13
86168.jpg,0_0_18
86171.jpg,1_4_57
86173.jpg,5_19_2
86174.jpg,1_8_35
86180.jpg,1_4_3
86187.jpg,1_4_3
86188.jpg,4_13_66
86189.jpg,0_2_31
86193.jpg,3_11_63
86200.jpg,1_6_58
86201.jpg,1_5_72
86219.jpg,1_5_30
86221.jpg,1_6_76
86226.jpg,1_4_57
86230.jpg,5_17_5
86238.jpg,0_0_68
86242.jpg,1_5_30
86245.jpg,3_11_63
86247.jpg,4_14_10
86256.jpg,2_9_14
86269.jpg,5_18_7
86271.jpg,0_1_17
86273.jpg,2_9_50
86287.jpg,2_9_50
86294.jpg,5_18_7
86296.jpg,1_7_34
86299.jpg,4_13_12
86320.jpg,1_6_58
86330.jpg,0_3_74
86345.jpg,4_16_26
86361.jpg,4_14_9
86369.jpg,4_13_66
86370.jpg,1_4_57
86381.jpg,0_2_40
86385.jpg,2_9_50
86386.jpg,2_9_24
86391.jpg,1_4_57
86395.jpg,3_12_45
86401.jpg,1_4_57
86402.jpg,0_0_8
86403.jpg,4_13_65
86405.jpg,5_17_6
86406.jpg,4_14_10
86408.jpg,1_6_58
86425.jpg,4_16_44
86433.jpg,0_3_62
86434.jpg,1_5_13
86437.jpg,3_12_51
86444.jpg,3_11_63
86446.jpg,5_18_7
86450.jpg,0_1_17
86452.jpg,1_6_76
86465.jpg,5_17_71
86468.jpg,5_17_5
86477.jpg,3_11_37
86483.jpg,1_4_57
86485.jpg,0_2_21
86501.jpg,3_11_64
86504.jpg,1_8_47
86505.jpg,0_0_18
86511.jpg,1_5_30
86515.jpg,0_0_18
86525.jpg,1_4_57
86536.jpg,4_14_20
86541.jpg,0_1_77
86548.jpg,0_2_21
86552.jpg,5_17_69
86555.jpg,4_13_48
86569.jpg,0_0_68
86575.jpg,2_9_14
86577.jpg,4_13_65
86583.jpg,4_16_26
86585.jpg,3_12_45
86588.jpg,1_4_57
86590.jpg,5_17_5
86593.jpg,0_1_17
86597.jpg,3_11_32
86603.jpg,0_1_60
86617.jpg,0_0_18
86621.jpg,1_6_76
86623.jpg,0_3_62
86629.jpg,0_2_21
86631.jpg,1_4_57
86633.jpg,1_4_57
86650.jpg,1_7_49
86651.jpg,5_18_7
86658.jpg,5_17_71
86660.jpg,0_3_39
86661.jpg,3_11_63
86683.jpg,1_6_76
86690.jpg,4_14_38
86694.jpg,2_9_24
86697.jpg,1_4_28
86699.jpg,1_8_47
86702.jpg,0_0_68
86703.jpg,0_3_74
86707.jpg,5_17_69
86711.jpg,0_0_18
86714.jpg,0_2_22
86716.jpg,3_12_51
86718.jpg,1_4_57
86738.jpg,5_17_43
86744.jpg,1_4_28
86746.jpg,2_10_55
86756.jpg,5_19_2
86764.jpg,5_18_7
86767.jpg,0_3_62
86775.jpg,4_14_10
86791.jpg,1_4_57
86796.jpg,0_3_73
86797.jpg,1_7_52
86799.jpg,1_8_47
86803.jpg,4_13_66
86804.jpg,0_1_17
86811.jpg,4_16_26
86813.jpg,0_1_17
86822.jpg,1_4_57
86824.jpg,3_12_51
86831.jpg,5_17_71
86832.jpg,0_1_60
86836.jpg,5_17_6
86848.jpg,0_2_22
86852.jpg,4_14_10
86853.jpg,5_18_7
86874.jpg,1_7_67
86877.jpg,0_0_18
86882.jpg,2_10_55
86886.jpg,0_1_77
86889.jpg,0_0_18
86890.jpg,1_4_57
86893.jpg,1_5_30
86900.jpg,0_3_73
86910.jpg,4_14_9
86913.jpg,0_1_17
86917.jpg,3_11_37
86931.jpg,0_3_74
86943.jpg,5_18_7
86944.jpg,0_1_17
86956.jpg,1_4_57
86969.jpg,2_10_55
86985.jpg,5_18_7
86988.jpg,5_17_6
87025.jpg,1_7_49
87027.jpg,0_2_21
87032.jpg,3_11_32
87035.jpg,5_17_5
87042.jpg,3_11_32
87047.jpg,4_14_10
87052.jpg,0_0_18
87053.jpg,0_0_8
87054.jpg,1_5_72
87056.jpg,1_8_47
87064.jpg,4_13_33
87069.jpg,5_17_71
87071.jpg,0_3_62
87083.jpg,4_13_66
87087.jpg,5_17_78
87088.jpg,5_17_78
87089.jpg,1_4_57
87097.jpg,5_17_69
87109.jpg,1_7_34
87118.jpg,1_4_57
87125.jpg,2_9_14
87134.jpg,0_3_39
87146.jpg,0_1_17
87148.jpg,1_4_57
87173.jpg,3_11_23
87178.jpg,1_5_72
87185.jpg,1_5_30
87194.jpg,0_2_22
87199.jpg,1_5_30
87207.jpg,0_0_68
87214.jpg,3_11_23
87223.jpg,0_2_31
87244.jpg,4_13_25
87252.jpg,2_9_50
87253.jpg,2_9_14
87256.jpg,3_11_63
87265.jpg,1_7_34
87267.jpg,1_4_57
87269.jpg,1_5_72
87271.jpg,0_2_21
87273.jpg,3_11_23
87274.jpg,0_2_75
87279.jpg,1_4_57
87281.jpg,1_4_57
87311.jpg,5_17_69
87313.jpg,0_1_36
87315.jpg,0_2_40
87316.jpg,1_4_57
87319.jpg,5_19_2
87347.jpg,4_13_25
87359.jpg,1_7_34
87361.jpg,0_2_22
87374.jpg,0_3_39
87376.jpg,1_5_30
87377.jpg,2_9_11
87384.jpg,1_6_58
87396.jpg,4_15_56
87398.jpg,4_16_26
87400.jpg,5_17_78
87418.jpg,1_4_3
87420.jpg,0_0_18
87426.jpg,1_4_57
87427.jpg,5_19_2
87428.jpg,0_1_60
87431.jpg,3_11_64
87437.jpg,5_19_4
87439.jpg,1_4_28
87441.jpg,5_17_78
87456.jpg,2_10_46
87458.jpg,1_4_57
87468.jpg,1_4_57
87479.jpg,3_11_63
87485.jpg,4_15_56
87499.jpg,1_6_58
87507.jpg,3_11_37
87516.jpg,0_2_75
87529.jpg,0_2_75
87530.jpg,2_10_46
87541.jpg,5_17_6
87555.jpg,1_4_57
87563.jpg,0_0_68
87570.jpg,2_9_24
87574.jpg,1_5_30
87581.jpg,3_11_23
87583.jpg,5_18_7
87584.jpg,2_9_24
87594.jpg,2_10_55
87597.jpg,1_4_57
87600.jpg,1_6_58
87603.jpg,2_10_55
87611.jpg,5_17_6
87627.jpg,4_16_26
87628.jpg,1_5_72
87630.jpg,2_9_14
87636.jpg,1_4_57
87640.jpg,2_9_14
87646.jpg,1_4_57
87650.jpg,5_18_7
87652.jpg,2_10_55
87654.jpg,1_6_58
87657.jpg,3_11_23
87661.jpg,1_4_57
87663.jpg,3_11_32
87667.jpg,0_1_77
87694.jpg,1_4_3
87698.jpg,1_4_28
87701.jpg,1_4_57
87702.jpg,4_13_12
87708.jpg,0_2_22
87716.jpg,1_4_57
87728.jpg,0_3_74
87732.jpg,0_3_39
87741.jpg,4_13_12
87744.jpg,3_11_32
87748.jpg,0_1_60
87761.jpg,1_7_67
87763.jpg,4_14_38
87765.jpg,1_5_1
87766.jpg,3_11_64
87773.jpg,0_1_77
87774.jpg,1_4_57
87776.jpg,1_8_47
87779.jpg,0_2_22
87798.jpg,1_7_52
87801.jpg,0_2_75
87809.jpg,0_1_17
87817.jpg,0_0_8
87819.jpg,0_2_31
87835.jpg,0_3_74
87837.jpg,0_0_8
87840.jpg,2_9_11
87841.jpg,5_17_71
87844.jpg,0_2_29
87846.jpg,1_4_57
87867.jpg,0_0_18
87875.jpg,5_19_4
87882.jpg,4_13_33
87883.jpg,0_3_39
87884.jpg,4_13_12
87889.jpg,0_3_39
87912.jpg,0_3_62
87918.jpg,1_4_57
87919.jpg,2_9_11
87920.jpg,4_13_12
87945.jpg,1_7_49
87947.jpg,1_4_57
87958.jpg,0_2_75
87960.jpg,3_12_45
87973.jpg,3_11_64
87976.jpg,4_14_10
87981.jpg,4_16_44
87982.jpg,0_2_21
87983.jpg,3_11_32
87987.jpg,5_19_2
87989.jpg,4_14_10
87996.jpg,0_0_8
88009.jpg,1_4_3
88013.jpg,0_3_61
88024.jpg,1_7_67
88029.jpg,1_4_28
88032.jpg,1_6_58
88036.jpg,4_13_65
88043.jpg,3_12_51
88048.jpg,4_13_33
88054.jpg,4_14_10
88057.jpg,0_2_31
88060.jpg,1_4_57
88066.jpg,2_10_55
88068.jpg,4_13_65
88072.jpg,2_10_19
88076.jpg,1_5_30
88078.jpg,4_16_26
88086.jpg,2_9_14
88087.jpg,1_7_49
88094.jpg,5_17_5
88096.jpg,0_2_40
88101.jpg,5_17_71
88103.jpg,3_11_32
88105.jpg,1_4_57
88121.jpg,5_17_43
88125.jpg,0_1_60
88126.jpg,5_19_2
88136.jpg,0_2_40
88137.jpg,2_9_53
88146.jpg,1_4_59
88151.jpg,4_13_66
88158.jpg,1_7_67
88160.jpg,4_16_42
88172.jpg,3_11_32
88179.jpg,1_5_1
88203.jpg,0_3_39
88224.jpg,5_17_6
88229.jpg,0_2_22
88234.jpg,0_0_8
88235.jpg,5_17_69
88236.jpg,1_7_67
88238.jpg,0_2_21
88251.jpg,1_4_28
88256.jpg,1_4_28
88258.jpg,1_5_72
88260.jpg,0_1_36
88264.jpg,0_3_73
88271.jpg,1_4_57
88289.jpg,2_9_24
88290.jpg,2_9_50
88300.jpg,4_13_66
88311.jpg,3_12_45
88323.jpg,4_13_25
88330.jpg,4_13_66
88331.jpg,1_4_57
88332.jpg,4_14_9
88335.jpg,4_13_65
88347.jpg,1_4_57
88349.jpg,1_4_57
88378.jpg,1_4_57
88384.jpg,0_2_21
88389.jpg,0_2_22
88394.jpg,0_3_61
88402.jpg,3_11_63
88413.jpg,4_14_10
88426.jpg,1_6_58
88429.jpg,3_11_64
88434.jpg,4_14_9
88447.jpg,0_1_60
88458.jpg,1_4_59
88463.jpg,0_3_39
88467.jpg,0_3_61
88469.jpg,1_5_72
88475.jpg,0_0_18
88478.jpg,1_4_57
88486.jpg,1_4_59
88498.jpg,1_4_57
88508.jpg,0_3_39
88517.jpg,0_1_17
88525.jpg,0_3_73
88526.jpg,4_14_10
88529.jpg,0_3_74
88530.jpg,3_12_45
88537.jpg,1_5_72
88541.jpg,0_2_31
88542.jpg,1_4_28
88551.jpg,1_4_57
88568.jpg,5_19_2
88575.jpg,1_5_30
88580.jpg,5_17_78
88594.jpg,4_14_10
88597.jpg,1_4_57
88605.jpg,0_2_22
88619.jpg,5_18_7
88624.jpg,2_9_50
88632.jpg,1_7_49
88636.jpg,1_4_28
88640.jpg,1_4_41
88644.jpg,5_19_4
88647.jpg,1_5_13
88650.jpg,1_5_30
88651.jpg,0_1_17
88652.jpg,3_11_64
88665.jpg,2_9_11
88672.jpg,1_8_47
88673.jpg,0_3_74
88674.jpg,1_5_13
88683.jpg,2_9_50
88684.jpg,1_7_67
88686.jpg,1_5_30
88689.jpg,1_8_0
88701.jpg,4_16_15
88714.jpg,1_4_57
88716.jpg,4_14_38
88718.jpg,4_13_25
88731.jpg,0_2_21
88757.jpg,0_0_8
88771.jpg,1_5_13
88774.jpg,1_6_76
88781.jpg,2_9_14
88786.jpg,2_9_53
88792.jpg,1_4_57
88801.jpg,2_9_53
88821.jpg,4_13_65
88822.jpg,1_4_57
88824.jpg,5_18_7
88834.jpg,5_19_4
88838.jpg,0_2_40
88839.jpg,2_10_19
88853.jpg,5_17_78
88854.jpg,5_19_2
88857.jpg,0_1_60
88858.jpg,0_2_31
88863.jpg,1_4_57
88864.jpg,5_18_7
88869.jpg,0_3_61
88870.jpg,1_7_49
88871.jpg,2_9_14
88873.jpg,1_4_57
88892.jpg,5_17_6
88897.jpg,1_4_57
88907.jpg,2_10_55
88909.jpg,5_18_7
88918.jpg,0_3_39
88920.jpg,4_15_56
88922.jpg,3_11_63
88924.jpg,3_11_23
88925.jpg,1_5_13
88951.jpg,2_10_55
88952.jpg,4_14_9
88956.jpg,3_12_45
88964.jpg,1_5_1
88974.jpg,1_5_13
88976.jpg,0_2_22
88980.jpg,1_4_57
88990.jpg,1_4_3
88998.jpg,4_13_12
89008.jpg,0_3_39
89010.jpg,3_11_32
89018.jpg,4_15_56
89025.jpg,3_12_51
89028.jpg,5_18_7
89039.jpg,2_9_53
89044.jpg,3_11_32
89049.jpg,3_11_37
89054.jpg,4_13_25
89060.jpg,4_16_26
89072.jpg,3_11_64
89075.jpg,1_4_57
89080.jpg,4_14_20
89081.jpg,3_11_37
89092.jpg,1_4_57
89097.jpg,1_5_30
89104.jpg,0_2_21
89107.jpg,4_15_54
89113.jpg,0_0_18
89122.jpg,4_14_9
89136.jpg,1_4_57
89137.jpg,3_11_23
89139.jpg,2_9_53
89140.jpg,1_4_57
89151.jpg,4_13_66
89154.jpg,2_10_55
89156.jpg,0_2_21
89157.jpg,1_8_0
89158.jpg,3_11_64
89159.jpg,4_13_25
89163.jpg,1_4_57
89164.jpg,2_10_19
89165.jpg,1_7_52
89167.jpg,0_1_36
89169.jpg,4_14_10
89172.jpg,3_11_63
89179.jpg,0_0_18
89189.jpg,4_14_10
89197.jpg,3_11_64
89198.jpg,3_12_45
89199.jpg,5_17_69
89204.jpg,0_0_18
89208.jpg,0_2_21
89211.jpg,0_1_36
89233.jpg,2_9_50
89240.jpg,0_2_21
89242.jpg,4_14_10
89244.jpg,4_13_48
89248.jpg,1_4_57
89274.jpg,4_14_38
89279.jpg,5_19_4
89287.jpg,1_4_28
89289.jpg,3_11_32
89312.jpg,3_11_32
89313.jpg,1_4_41
89325.jpg,1_5_1
89326.jpg,0_2_21
89334.jpg,1_4_57
89351.jpg,5_17_5
89355.jpg,2_9_14
89356.jpg,4_13_48
89368.jpg,1_6_76
89388.jpg,4_13_65
89396.jpg,2_9_50
89404.jpg,0_2_75
89434.jpg,4_13_25
89437.jpg,4_13_12
89438.jpg,0_3_61
89459.jpg,5_17_69
89460.jpg,4_13_12
89462.jpg,4_13_33
89468.jpg,1_4_57
89478.jpg,1_5_1
89480.jpg,3_11_32
89484.jpg,1_7_49
89495.jpg,0_1_17
89504.jpg,1_4_57
89511.jpg,4_14_20
89513.jpg,4_15_56
89518.jpg,4_14_27
89520.jpg,5_17_78
89529.jpg,2_9_50
89530.jpg,3_12_45
89543.jpg,1_4_57
89551.jpg,1_8_47
89553.jpg,1_6_58
89556.jpg,4_13_33
89559.jpg,4_14_38
89561.jpg,0_1_36
89562.jpg,1_4_57
89566.jpg,3_11_64
89577.jpg,3_12_51
89585.jpg,1_4_57
89600.jpg,1_4_57
89610.jpg,0_3_39
89623.jpg,2_9_11
89624.jpg,0_2_31
89626.jpg,1_4_57
89627.jpg,4_14_27
89632.jpg,1_4_57
89635.jpg,0_3_62
89639.jpg,1_5_30
89643.jpg,2_9_24
89648.jpg,2_10_55
89656.jpg,4_14_9
89660.jpg,3_11_37
89662.jpg,4_14_10
89666.jpg,0_2_21
89670.jpg,0_2_22
89680.jpg,0_2_22
89696.jpg,1_4_57
89704.jpg,0_0_68
89712.jpg,4_13_66
89714.jpg,5_17_5
89720.jpg,0_3_74
89722.jpg,1_6_58
89728.jpg,4_15_56
89731.jpg,4_13_65
89733.jpg,0_1_16
89740.jpg,0_0_18
89748.jpg,3_11_23
89756.jpg,1_7_49
89760.jpg,1_4_57
89768.jpg,0_2_21
89769.jpg,1_4_57
89770.jpg,1_5_1
89780.jpg,0_1_36
89802.jpg,0_0_18
89810.jpg,5_17_78
89831.jpg,1_4_57
89846.jpg,4_13_66
89856.jpg,0_2_21
89867.jpg,3_12_45
89872.jpg,0_2_75
89873.jpg,1_5_1
89877.jpg,4_13_25
89885.jpg,0_1_60
89890.jpg,4_14_9
89895.jpg,5_19_4
89904.jpg,0_2_40
89909.jpg,0_1_36
89925.jpg,3_11_64
89929.jpg,1_4_57
89942.jpg,5_17_69
89951.jpg,4_13_65
89953.jpg,4_14_9
89959.jpg,1_4_57
89960.jpg,1_5_1
89965.jpg,1_5_13
89966.jpg,0_2_22
89983.jpg,1_4_41
89987.jpg,0_1_36
90000.jpg,1_4_57
90016.jpg,4_13_79
90033.jpg,4_16_42
90036.jpg,4_13_25
90039.jpg,3_12_51
90042.jpg,4_15_54
90056.jpg,0_0_68
90064.jpg,2_10_55
90065.jpg,5_19_2
90074.jpg,0_1_17
90077.jpg,3_11_23
90095.jpg,2_10_46
90096.jpg,1_4_57
90099.jpg,5_17_6
90106.jpg,4_15_56
90122.jpg,1_7_49
90123.jpg,5_17_6
90127.jpg,2_9_50
90136.jpg,5_18_7
90148.jpg,1_4_57
90151.jpg,2_10_46
90154.jpg,0_2_29
90155.jpg,4_14_10
90180.jpg,0_1_77
90182.jpg,0_3_61
90199.jpg,5_19_4
90215.jpg,0_1_17
90221.jpg,0_3_39
90234.jpg,1_4_57
90235.jpg,3_11_23
90262.jpg,0_2_22
90265.jpg,0_2_22
90268.jpg,1_6_58
90271.jpg,4_14_10
90273.jpg,0_1_77
90285.jpg,4_15_56
90288.jpg,0_2_40
90297.jpg,5_18_7
90311.jpg,1_8_35
90317.jpg,4_16_26
90318.jpg,0_0_18
90319.jpg,0_2_22
90325.jpg,0_2_75
90328.jpg,0_3_62
90335.jpg,1_5_13
90336.jpg,3_12_45
90343.jpg,0_2_29
90346.jpg,1_4_57
90351.jpg,3_11_64
90364.jpg,3_12_51
90369.jpg,0_0_18
90384.jpg,3_12_51
90393.jpg,0_2_29
90398.jpg,0_2_21
90399.jpg,0_0_8
90407.jpg,1_4_57
90411.jpg,4_15_56
90427.jpg,1_4_57
90429.jpg,4_14_20
90435.jpg,0_2_22
90437.jpg,5_19_4
90443.jpg,4_14_10
90447.jpg,5_17_6
90455.jpg,0_2_21
90472.jpg,1_4_57
90477.jpg,1_5_72
90492.jpg,0_2_21
90506.jpg,4_14_10
90510.jpg,1_4_57
90512.jpg,4_14_9
90524.jpg,3_12_45
90536.jpg,0_1_36
90540.jpg,4_14_38
90548.jpg,1_6_58
90560.jpg,0_2_22
90568.jpg,0_1_77
90573.jpg,2_9_14
90574.jpg,4_14_9
90578.jpg,0_3_39
90582.jpg,3_11_64
90591.jpg,5_19_4
90592.jpg,3_12_45
90598.jpg,0_1_60
90600.jpg,2_9_50
90617.jpg,2_9_11
90618.jpg,5_17_43
90620.jpg,1_7_49
90621.jpg,2_9_11
90626.jpg,5_17_43
90645.jpg,0_1_17
90647.jpg,4_14_38
90651.jpg,1_7_67
90652.jpg,0_1_60
90657.jpg,1_8_47
90663.jpg,1_4_57
90667.jpg,0_2_31
90670.jpg,5_17_78
90672.jpg,4_16_42
90679.jpg,0_2_21
90693.jpg,2_10_46
90695.jpg,4_13_65
90696.jpg,1_5_30
90702.jpg,1_4_28
90703.jpg,5_17_78
90717.jpg,0_2_22
90741.jpg,5_17_5
90745.jpg,0_3_74
90749.jpg,5_18_7
90762.jpg,4_14_10
90766.jpg,0_0_18
90770.jpg,1_4_57
90771.jpg,4_16_44
90776.jpg,1_8_47
90778.jpg,1_6_58
90793.jpg,0_3_73
90799.jpg,1_4_57
90800.jpg,2_9_24
90802.jpg,1_7_49
90804.jpg,1_4_57
90809.jpg,1_4_57
90811.jpg,5_17_71
90814.jpg,1_4_57
90824.jpg,5_18_7
90827.jpg,1_4_28
90836.jpg,0_2_75
90841.jpg,4_13_66
90846.jpg,2_9_24
90848.jpg,3_12_51
90867.jpg,1_8_47
90876.jpg,2_9_24
90877.jpg,4_13_12
90880.jpg,1_4_57
90882.jpg,0_3_74
90888.jpg,1_7_52
90890.jpg,5_19_4
90894.jpg,0_3_62
90915.jpg,1_4_28
90920.jpg,5_19_2
90921.jpg,0_2_40
90922.jpg,0_2_31
90936.jpg,1_4_57
90937.jpg,0_1_36
90950.jpg,3_11_63
90953.jpg,1_7_49
90959.jpg,0_2_22
90967.jpg,0_3_62
90975.jpg,0_3_62
90991.jpg,0_0_68
90993.jpg,2_10_19
91006.jpg,2_9_53
91007.jpg,1_4_57
91008.jpg,3_11_64
91009.jpg,3_11_37
91027.jpg,1_4_57
91035.jpg,1_7_52
91040.jpg,4_14_10
91046.jpg,4_14_9
91051.jpg,0_0_68
91052.jpg,4_14_9
91057.jpg,1_5_30
91060.jpg,5_18_7
91061.jpg,5_17_69
91062.jpg,1_4_57
91072.jpg,3_11_23
91077.jpg,0_0_18
91080.jpg,0_0_68
91081.jpg,4_14_27
91083.jpg,4_14_27
91086.jpg,1_4_57
91087.jpg,1_7_34
91091.jpg,2_9_24
91093.jpg,5_17_69
91099.jpg,1_7_34
91100.jpg,1_6_76
91102.jpg,3_12_45
91106.jpg,2_10_19
91108.jpg,5_19_4
91113.jpg,1_5_1
91116.jpg,5_17_5
91122.jpg,0_3_62
91123.jpg,0_2_21
91126.jpg,0_1_60
91141.jpg,1_5_30
91146.jpg,4_16_26
91154.jpg,5_19_4
91169.jpg,4_14_27
91170.jpg,1_8_47
91173.jpg,1_4_57
91182.jpg,1_4_57
91187.jpg,1_7_34
91189.jpg,5_17_6
91197.jpg,4_14_27
91208.jpg,3_11_63
91213.jpg,4_14_10
91219.jpg,1_6_76
91224.jpg,1_5_30
91252.jpg,0_0_8
91256.jpg,1_5_30
91260.jpg,4_15_56
91291.jpg,3_11_23
91295.jpg,1_4_3
91298.jpg,5_19_4
91299.jpg,0_1_16
91301.jpg,4_14_10
91304.jpg,5_17_5
91306.jpg,4_14_10
91307.jpg,5_17_71
91314.jpg,0_3_39
91326.jpg,0_1_77
91328.jpg,1_4_57
91337.jpg,2_9_24
91345.jpg,5_17_70
91346.jpg,3_11_64
91347.jpg,0_0_18
91352.jpg,2_10_46
91368.jpg,1_5_30
91371.jpg,1_4_57
91372.jpg,1_4_3
91376.jpg,0_2_31
91380.jpg,0_2_22
91384.jpg,1_4_57
91388.jpg,4_15_56
91389.jpg,4_13_65
91398.jpg,1_8_47
91406.jpg,1_5_72
91409.jpg,1_6_76
91412.jpg,0_2_22
91417.jpg,5_19_2
91419.jpg,3_12_51
91427.jpg,0_1_77
91428.jpg,4_14_10
91429.jpg,1_4_57
91434.jpg,5_17_69
91438.jpg,2_10_46
91439.jpg,4_16_26
91451.jpg,5_17_78
91471.jpg,4_14_10
91486.jpg,0_3_74
91492.jpg,5_17_71
91493.jpg,0_3_62
91506.jpg,1_8_0
91509.jpg,5_17_70
91511.jpg,1_4_57
91519.jpg,2_9_11
91527.jpg,4_14_27
91529.jpg,1_5_72
91538.jpg,0_2_21
91547.jpg,4_13_66
91558.jpg,0_2_29
91568.jpg,1_8_35
91569.jpg,1_5_30
91571.jpg,1_7_52
91573.jpg,0_0_8
91577.jpg,4_14_9
91587.jpg,2_10_46
91588.jpg,2_9_53
91594.jpg,1_5_13
91604.jpg,4_14_10
91607.jpg,3_11_63
91612.jpg,0_3_73
91613.jpg,1_5_13
91615.jpg,0_1_17
91625.jpg,1_6_58
91630.jpg,1_4_57
91631.jpg,4_13_25
91639.jpg,4_14_10
91641.jpg,1_5_72
91646.jpg,0_2_40
91651.jpg,0_2_21
91652.jpg,3_11_23
91664.jpg,4_16_26
91665.jpg,1_7_52
91666.jpg,2_9_14
91671.jpg,0_2_21
91675.jpg,3_11_64
91679.jpg,4_16_26
91686.jpg,4_14_9
91699.jpg,1_4_57
91702.jpg,0_2_31
91706.jpg,1_5_72
91713.jpg,0_3_74
91717.jpg,4_14_10
91720.jpg,2_9_14
91726.jpg,0_0_18
91743.jpg,0_2_21
91758.jpg,5_19_2
91759.jpg,4_14_9
91770.jpg,4_13_48
91771.jpg,1_6_76
91781.jpg,1_5_1
91782.jpg,5_19_2
91785.jpg,1_4_57
91790.jpg,4_15_56
91791.jpg,2_9_24
91792.jpg,4_14_38
91804.jpg,0_3_39
91810.jpg,2_9_11
91812.jpg,0_1_16
91814.jpg,1_5_13
91815.jpg,1_7_52
91821.jpg,2_9_53
91822.jpg,2_9_50
91824.jpg,1_6_58
91826.jpg,0_0_18
91828.jpg,1_5_30
91829.jpg,0_2_40
91831.jpg,1_4_57
91853.jpg,0_2_75
91857.jpg,4_13_66
91862.jpg,0_2_21
91871.jpg,1_4_57
91872.jpg,4_14_10
91878.jpg,1_4_57
91890.jpg,1_4_3
91891.jpg,2_9_11
91894.jpg,4_13_48
91901.jpg,4_13_33
91902.jpg,1_4_57
91904.jpg,1_4_41
91907.jpg,0_2_40
91920.jpg,4_15_56
91922.jpg,1_6_58
91926.jpg,4_15_56
91932.jpg,4_14_10
91937.jpg,1_4_57
91938.jpg,3_12_45
91939.jpg,1_4_57
91941.jpg,1_5_13
91946.jpg,4_13_12
91947.jpg,1_4_57
91954.jpg,5_17_6
91960.jpg,2_10_55
91963.jpg,0_2_75
91966.jpg,1_5_72
91980.jpg,2_10_19
91982.jpg,2_9_50
91991.jpg,3_11_63
91996.jpg,4_14_38
91997.jpg,5_19_4
92008.jpg,3_11_63
92015.jpg,5_19_4
92020.jpg,1_4_57
92022.jpg,3_11_63
92039.jpg,2_9_14
92045.jpg,5_18_7
92054.jpg,4_14_27
92055.jpg,4_13_79
92056.jpg,4_13_66
92057.jpg,1_4_57
92058.jpg,5_18_7
92060.jpg,4_13_12
92061.jpg,5_19_4
92066.jpg,1_7_67
92067.jpg,3_12_45
92068.jpg,1_5_1
92073.jpg,0_3_73
92075.jpg,5_17_5
92079.jpg,2_9_14
92080.jpg,0_1_77
92086.jpg,1_6_76
92102.jpg,3_11_32
92106.jpg,3_12_51
92109.jpg,1_8_35
92117.jpg,4_13_66
92120.jpg,4_13_65
92126.jpg,4_13_66
92138.jpg,1_4_57
92153.jpg,3_11_23
92158.jpg,1_5_72
92163.jpg,0_0_18
92174.jpg,0_2_75
92177.jpg,4_14_9
92184.jpg,0_2_40
92196.jpg,5_18_7
92206.jpg,3_12_45
92208.jpg,0_2_22
92215.jpg,5_17_69
92231.jpg,0_1_17
92240.jpg,0_3_39
92241.jpg,1_4_57
92245.jpg,0_0_18
92247.jpg,4_16_26
92249.jpg,5_17_78
92255.jpg,0_2_22
92259.jpg,1_4_57
92290.jpg,1_4_57
92296.jpg,3_12_51
92297.jpg,4_13_66
92298.jpg,3_11_37
92302.jpg,1_6_58
92308.jpg,4_15_56
92310.jpg,1_4_57
92312.jpg,0_2_21
92318.jpg,3_11_32
92329.jpg,0_3_73
92339.jpg,1_4_57
92354.jpg,1_4_41
92356.jpg,4_13_65
92366.jpg,0_2_40
92369.jpg,5_17_71
92373.jpg,4_16_44
92375.jpg,4_13_66
92387.jpg,1_5_13
92392.jpg,1_5_30
92395.jpg,0_1_77
92396.jpg,5_17_5
92403.jpg,0_1_16
92410.jpg,0_3_61
92413.jpg,1_4_57
92417.jpg,0_1_60
92418.jpg,1_5_30
92422.jpg,3_12_45
92425.jpg,1_5_30
92429.jpg,4_16_44
92430.jpg,5_18_7
92434.jpg,2_9_14
92436.jpg,5_17_5
92437.jpg,0_2_21
92441.jpg,0_0_18
92444.jpg,0_0_68
92446.jpg,0_2_21
92449.jpg,0_1_60
92455.jpg,1_6_58
92457.jpg,2_9_11
92467.jpg,2_10_19
92483.jpg,0_2_31
92487.jpg,1_8_0
92490.jpg,0_2_75
92492.jpg,2_10_19
92496.jpg,1_4_57
92499.jpg,1_4_57
92501.jpg,5_17_69
92503.jpg,1_7_67
92520.jpg,1_5_72
92554.jpg,0_1_17
92557.jpg,1_8_0
92559.jpg,1_4_28
92576.jpg,5_18_7
92580.jpg,2_9_24
92587.jpg,0_2_31
92597.jpg,5_17_6
92606.jpg,1_5_13
92624.jpg,0_2_29
92626.jpg,0_2_31
92628.jpg,3_11_37
92630.jpg,0_2_21
92634.jpg,3_11_63
92638.jpg,0_2_22
92656.jpg,4_14_10
92659.jpg,1_5_1
92672.jpg,4_14_10
92675.jpg,5_19_2
92692.jpg,3_11_32
92700.jpg,5_19_4
92710.jpg,0_1_60
92711.jpg,1_4_57
92715.jpg,4_13_65
92718.jpg,1_4_41
92723.jpg,0_3_39
92732.jpg,3_11_63
92742.jpg,1_8_35
92743.jpg,1_7_67
92744.jpg,0_2_21
92751.jpg,4_14_10
92753.jpg,0_1_77
92758.jpg,5_17_78
92761.jpg,0_1_77
92766.jpg,0_3_39
92768.jpg,0_3_73
92774.jpg,1_4_57
92777.jpg,0_3_62
92785.jpg,0_0_18
92787.jpg,0_1_17
92791.jpg,3_11_63
92794.jpg,3_11_23
92795.jpg,1_4_57
92797.jpg,4_14_10
92799.jpg,0_2_29
92800.jpg,1_4_57
92818.jpg,1_8_0
92821.jpg,4_16_26
92827.jpg,4_16_15
92831.jpg,4_14_38
92841.jpg,1_6_76
92849.jpg,1_4_57
92850.jpg,0_0_8
92870.jpg,1_4_57
92872.jpg,1_8_47
92873.jpg,4_14_9
92874.jpg,3_11_63
92878.jpg,1_4_57
92883.jpg,1_4_3
92885.jpg,0_2_29
92886.jpg,0_2_22
92890.jpg,0_2_21
92894.jpg,1_5_72
92896.jpg,0_2_75
92901.jpg,5_17_71
92910.jpg,4_15_54
92917.jpg,2_9_50
92918.jpg,1_8_47
92941.jpg,5_19_2
92952.jpg,3_11_63
92954.jpg,4_16_42
92965.jpg,5_18_7
92973.jpg,0_3_61
92975.jpg,1_5_30
92994.jpg,0_2_22
93003.jpg,0_0_18
93006.jpg,0_2_75
93016.jpg,1_8_35
93019.jpg,4_13_66
93020.jpg,5_19_2
93021.jpg,5_19_4
93028.jpg,4_14_9
93038.jpg,1_5_1
93044.jpg,4_13_65
93056.jpg,4_13_25
93066.jpg,4_13_25
93068.jpg,2_9_50
93078.jpg,4_14_38
93083.jpg,5_19_4
93086.jpg,5_17_43
93094.jpg,3_11_64
93097.jpg,4_14_9
93107.jpg,2_9_50
93108.jpg,5_17_6
93109.jpg,4_14_10
93110.jpg,1_6_58
93116.jpg,0_2_31
93123.jpg,1_4_57
93124.jpg,0_3_39
93129.jpg,3_11_23
93134.jpg,0_2_29
93139.jpg,0_3_74
93148.jpg,5_17_69
93150.jpg,1_4_28
93153.jpg,2_9_53
93158.jpg,2_10_55
93165.jpg,1_4_57
93167.jpg,4_16_15
93171.jpg,3_11_63
93175.jpg,1_7_52
93182.jpg,1_5_1
93192.jpg,1_7_52
93196.jpg,1_5_72
93198.jpg,1_4_57
93200.jpg,0_2_40
93201.jpg,4_14_10
93202.jpg,0_2_21
93206.jpg,3_11_32
93210.jpg,2_9_14
93214.jpg,0_3_73
93216.jpg,1_7_67
93224.jpg,0_3_74
93225.jpg,1_4_57
93231.jpg,1_7_34
93233.jpg,0_1_17
93234.jpg,4_13_65
93237.jpg,4_15_56
93238.jpg,3_12_45
93243.jpg,1_5_72
93248.jpg,1_4_57
93263.jpg,1_4_59
93265.jpg,5_18_7
93268.jpg,1_4_57
93276.jpg,1_5_72
93278.jpg,0_0_8
93279.jpg,4_16_44
93281.jpg,2_10_46
93294.jpg,4_14_27
93298.jpg,0_1_17
93300.jpg,0_3_62
93301.jpg,4_14_10
93305.jpg,0_1_60
93314.jpg,3_11_23
93317.jpg,1_4_57
93319.jpg,0_1_17
93323.jpg,1_8_47
93324.jpg,2_9_14
93325.jpg,4_13_12
93328.jpg,0_2_75
93331.jpg,1_5_13
93336.jpg,5_19_4
93337.jpg,1_7_49
93362.jpg,5_18_7
93366.jpg,0_2_31
93372.jpg,0_1_17
93381.jpg,5_19_4
93382.jpg,1_5_13
93389.jpg,4_13_66
93391.jpg,1_4_57
93408.jpg,1_4_57
93410.jpg,1_4_57
93411.jpg,0_2_21
93413.jpg,1_4_57
93415.jpg,3_11_64
93418.jpg,2_10_19
93429.jpg,1_4_57
93430.jpg,4_13_65
93435.jpg,1_4_28
93441.jpg,0_2_31
93445.jpg,1_4_57
93447.jpg,0_2_22
93458.jpg,2_9_14
93463.jpg,1_7_52
93468.jpg,1_8_47
93477.jpg,3_11_32
93478.jpg,1_4_57
93488.jpg,5_17_6
93491.jpg,0_2_22
93494.jpg,4_13_12
93496.jpg,5_17_71
93497.jpg,0_3_61
93505.jpg,4_16_26
93506.jpg,4_15_56
93523.jpg,2_9_24
93527.jpg,0_2_22
93532.jpg,1_4_57
93541.jpg,4_16_42
93552.jpg,1_7_52
93553.jpg,1_6_58
93564.jpg,5_18_7
93575.jpg,1_5_13
93577.jpg,5_19_4
93586.jpg,4_16_26
93592.jpg,1_5_30
93598.jpg,4_14_9
93605.jpg,0_2_22
93608.jpg,1_8_35
93610.jpg,0_3_62
93615.jpg,0_1_36
93620.jpg,1_4_57
93628.jpg,3_11_63
93638.jpg,1_4_57
93639.jpg,2_9_11
93650.jpg,5_17_70
93655.jpg,1_4_28
93658.jpg,1_4_57
93668.jpg,5_18_7
93669.jpg,1_4_57
93673.jpg,2_9_53
93678.jpg,3_11_23
93686.jpg,1_5_72
93689.jpg,5_19_2
93693.jpg,3_12_51
93703.jpg,0_3_61
93707.jpg,2_9_14
93708.jpg,4_16_42
93715.jpg,2_9_50
93718.jpg,2_10_46
93724.jpg,1_5_30
93725.jpg,4_13_48
93726.jpg,3_11_64
93731.jpg,2_10_55
93732.jpg,4_15_56
93737.jpg,1_4_41
93748.jpg,0_1_36
93759.jpg,1_4_57
93763.jpg,1_4_57
93773.jpg,4_13_25
93777.jpg,4_14_27
93781.jpg,3_12_51
93783.jpg,5_19_2
93785.jpg,0_1_17
93791.jpg,0_1_36
93807.jpg,0_3_74
93812.jpg,5_17_5
93813.jpg,4_13_65
93815.jpg,0_3_39
93821.jpg,0_0_68
93825.jpg,1_4_57
93827.jpg,4_13_12
93833.jpg,1_5_13
93838.jpg,2_9_14
93843.jpg,4_16_26
93863.jpg,5_19_4
93869.jpg,5_19_4
93878.jpg,1_4_57
93903.jpg,3_11_63
93904.jpg,1_6_58
93909.jpg,0_2_21
93916.jpg,5_17_43
93917.jpg,1_4_57
93918.jpg,5_18_7
93936.jpg,0_3_39
93938.jpg,0_1_17
93941.jpg,4_14_9
93943.jpg,0_3_73
93950.jpg,0_1_17
93958.jpg,4_14_27
93963.jpg,0_2_21
93964.jpg,3_12_51
93970.jpg,1_4_57
93972.jpg,1_4_57
93976.jpg,4_14_10
93977.jpg,4_13_65
93991.jpg,1_7_67
93992.jpg,0_2_29
93998.jpg,1_4_57
94000.jpg,2_10_46
94005.jpg,0_1_36
94008.jpg,1_4_57
94021.jpg,4_14_10
94024.jpg,4_13_12
94025.jpg,0_2_75
94039.jpg,1_4_57
94042.jpg,1_4_57
94043.jpg,0_2_22
94049.jpg,4_13_65
94050.jpg,1_5_1
94052.jpg,3_11_37
94055.jpg,3_12_45
94065.jpg,5_17_6
94066.jpg,0_1_60
94072.jpg,5_17_78
94084.jpg,2_10_55
94085.jpg,1_4_57
94094.jpg,3_11_37
94103.jpg,3_11_37
94108.jpg,2_10_46
94112.jpg,4_13_25
94113.jpg,4_13_66
94116.jpg,2_9_24
94119.jpg,5_17_71
94125.jpg,1_4_57
94129.jpg,5_19_2
94137.jpg,2_10_55
94140.jpg,0_2_40
94147.jpg,5_18_7
94160.jpg,1_7_52
94165.jpg,1_4_57
94168.jpg,4_14_10
94170.jpg,0_1_60
94176.jpg,4_14_10
94177.jpg,3_11_37
94183.jpg,1_7_34
94186.jpg,3_11_32
94194.jpg,1_4_57
94208.jpg,0_3_62
94209.jpg,3_11_63
94215.jpg,1_5_30
94217.jpg,0_2_31
94237.jpg,0_2_21
94248.jpg,1_4_57
94252.jpg,0_3_74
94256.jpg,1_4_41
94258.jpg,1_5_13
94263.jpg,0_2_21
94269.jpg,4_16_44
94272.jpg,0_2_31
94278.jpg,1_4_57
94287.jpg,2_9_11
94290.jpg,3_12_51
94291.jpg,0_1_60
94306.jpg,0_0_68
94323.jpg,0_1_77
94327.jpg,2_9_53
94332.jpg,1_4_57
94333.jpg,0_1_77
94340.jpg,0_2_40
94346.jpg,0_2_31
94348.jpg,0_0_18
94355.jpg,4_16_26
94360.jpg,4_14_38
94361.jpg,5_18_7
94362.jpg,1_4_57
94363.jpg,0_2_21
94367.jpg,1_5_72
94370.jpg,4_14_9
94383.jpg,1_5_30
94392.jpg,1_4_28
94393.jpg,1_5_30
94394.jpg,3_11_32
94398.jpg,3_11_63
94400.jpg,4_13_66
94407.jpg,0_1_60
94411.jpg,4_16_26
94412.jpg,0_1_77
94415.jpg,3_11_63
94423.jpg,1_6_76
94424.jpg,0_1_17
94435.jpg,1_4_57
94443.jpg,2_9_53
94460.jpg,4_14_20
94465.jpg,1_6_58
94468.jpg,2_9_14
94470.jpg,0_0_8
94471.jpg,1_5_13
94473.jpg,0_1_36
94489.jpg,1_7_49
94492.jpg,1_7_67
94497.jpg,0_2_22
94507.jpg,1_5_13
94509.jpg,1_5_13
94514.jpg,5_17_6
94520.jpg,4_15_56
94523.jpg,1_4_57
94525.jpg,2_9_24
94534.jpg,0_1_17
94536.jpg,0_1_60
94545.jpg,3_12_45
94559.jpg,1_7_49
94560.jpg,0_1_60
94565.jpg,1_4_57
94567.jpg,1_4_57
94579.jpg,0_1_77
94596.jpg,4_14_38
94602.jpg,2_9_24
94614.jpg,4_15_56
94625.jpg,1_4_3
94628.jpg,4_13_66
94629.jpg,1_4_41
94632.jpg,5_17_78
94633.jpg,4_15_56
94637.jpg,0_0_18
94639.jpg,0_0_18
94648.jpg,1_4_57
94655.jpg,3_11_32
94656.jpg,1_4_57
94660.jpg,1_8_47
94668.jpg,0_0_8
94672.jpg,1_4_57
94677.jpg,5_19_2
94681.jpg,4_13_48
94682.jpg,1_5_13
94683.jpg,0_1_36
94685.jpg,2_9_53
94686.jpg,1_4_57
94695.jpg,0_0_8
94703.jpg,5_17_6
94708.jpg,4_13_25
94716.jpg,5_17_5
94724.jpg,5_18_7
94730.jpg,4_13_65
94734.jpg,4_16_42
94742.jpg,1_4_57
94746.jpg,2_9_14
94757.jpg,3_11_63
94764.jpg,0_2_75
94772.jpg,4_14_9
94775.jpg,0_3_74
94777.jpg,4_13_66
94778.jpg,4_15_56
94784.jpg,4_15_56
94791.jpg,0_1_17
94795.jpg,2_9_11
94801.jpg,0_0_8
94805.jpg,3_11_23
94806.jpg,1_4_28
94810.jpg,2_10_55
94814.jpg,4_14_27
94819.jpg,2_9_50
94832.jpg,1_4_57
94834.jpg,3_11_64
94837.jpg,2_9_50
94838.jpg,0_3_73
94847.jpg,0_1_60
94852.jpg,0_3_73
94854.jpg,1_4_28
94860.jpg,0_2_40
94867.jpg,0_3_61
94869.jpg,2_9_14
94871.jpg,0_0_18
94873.jpg,1_5_72
94880.jpg,1_7_34
94881.jpg,1_6_76
94886.jpg,4_14_38
94900.jpg,3_12_51
94901.jpg,5_17_78
94908.jpg,4_15_56
94911.jpg,3_11_63
94923.jpg,1_4_28
94937.jpg,3_12_51
94944.jpg,1_4_28
94946.jpg,0_2_75
94947.jpg,2_10_55
94952.jpg,0_0_8
94954.jpg,1_8_0
94960.jpg,3_11_64
94974.jpg,4_13_66
94978.jpg,0_3_61
94985.jpg,1_5_1
95005.jpg,1_5_1
95009.jpg,2_9_24
95013.jpg,1_4_57
95016.jpg,0_2_22
95018.jpg,2_10_46
95025.jpg,1_5_1
95026.jpg,3_11_63
95029.jpg,4_14_20
95037.jpg,0_2_21
95038.jpg,0_2_31
95044.jpg,4_14_20
95050.jpg,0_0_8
95055.jpg,4_15_56
95057.jpg,1_4_57
95063.jpg,4_14_10
95081.jpg,1_4_57
95082.jpg,4_14_10
95087.jpg,0_1_17
95094.jpg,0_2_21
95104.jpg,2_9_14
95116.jpg,1_4_57
95120.jpg,0_0_8
95132.jpg,0_0_18
95144.jpg,0_2_22
95161.jpg,3_11_63
95164.jpg,4_15_56
95169.jpg,3_11_23
95181.jpg,5_17_69
95184.jpg,3_11_64
95192.jpg,4_13_66
95218.jpg,4_14_10
95230.jpg,0_3_39
95232.jpg,4_13_12
95233.jpg,5_19_2
95248.jpg,3_12_45
95255.jpg,1_8_35
95258.jpg,0_1_77
95267.jpg,4_13_12
95268.jpg,1_8_47
95270.jpg,4_13_66
95276.jpg,4_13_12
95279.jpg,5_17_69
95280.jpg,4_16_26
95292.jpg,0_3_39
95293.jpg,3_11_63
95302.jpg,4_14_10
95304.jpg,1_4_41
95309.jpg,0_2_31
95314.jpg,4_16_26
95317.jpg,0_2_21
95335.jpg,1_7_34
95341.jpg,3_11_37
95346.jpg,0_3_73
95348.jpg,0_2_29
95354.jpg,1_4_57
95358.jpg,0_1_17
95371.jpg,5_17_69
95376.jpg,5_18_7
95379.jpg,3_11_37
95391.jpg,0_3_74
95402.jpg,5_19_2
95425.jpg,5_17_70
95429.jpg,1_4_28
95436.jpg,2_9_24
95437.jpg,4_13_12
95439.jpg,1_5_72
95448.jpg,5_18_7
95455.jpg,1_7_52
95457.jpg,1_7_49
95461.jpg,1_4_57
95475.jpg,0_3_39
95484.jpg,4_13_66
95493.jpg,4_16_42
95512.jpg,1_5_13
95521.jpg,4_13_66
95528.jpg,5_19_2
95533.jpg,1_4_57
95539.jpg,4_14_9
95540.jpg,1_7_52
95551.jpg,1_5_30
95555.jpg,0_2_21
95558.jpg,1_4_57
95560.jpg,3_11_63
95562.jpg,3_12_45
95564.jpg,1_4_57
95569.jpg,1_4_57
95571.jpg,0_1_77
95576.jpg,5_19_4
95579.jpg,0_1_60
95581.jpg,1_8_47
95582.jpg,5_18_7
95591.jpg,4_16_26
95594.jpg,3_11_63
95605.jpg,0_2_75
95606.jpg,4_14_9
95622.jpg,1_4_57
95623.jpg,0_0_68
95624.jpg,4_15_56
95632.jpg,2_9_14
95633.jpg,0_1_60
95640.jpg,3_11_37
95647.jpg,1_6_58
95666.jpg,1_8_47
95681.jpg,1_6_76
95689.jpg,1_4_28
95690.jpg,1_5_72
95692.jpg,0_2_22
95693.jpg,0_3_61
95694.jpg,0_3_62
95709.jpg,0_1_16
95722.jpg,3_12_45
95726.jpg,0_2_40
95731.jpg,1_7_49
95740.jpg,3_11_64
95743.jpg,0_2_40
95748.jpg,4_14_10
95749.jpg,0_2_21
95750.jpg,1_6_76
95757.jpg,0_2_75
95761.jpg,5_17_69
95765.jpg,5_17_78
95770.jpg,1_7_49
95786.jpg,0_1_60
95789.jpg,4_15_56
95794.jpg,0_2_22
95798.jpg,1_4_57
95800.jpg,2_9_50
95801.jpg,4_13_48
95802.jpg,0_2_31
95805.jpg,1_7_67
95806.jpg,4_14_10
95813.jpg,0_0_8
95816.jpg,3_11_32
95819.jpg,3_11_23
95823.jpg,1_4_28
95828.jpg,0_2_40
95835.jpg,1_5_72
95842.jpg,5_19_4
95844.jpg,0_2_21
95845.jpg,2_9_50
95875.jpg,1_5_13
95879.jpg,0_2_21
95887.jpg,1_4_57
95890.jpg,1_4_57
95891.jpg,1_7_52
95898.jpg,5_17_71
95908.jpg,4_13_12
95928.jpg,5_17_69
95929.jpg,5_17_6
95932.jpg,1_4_59
95936.jpg,0_1_36
95937.jpg,5_17_6
95940.jpg,3_12_51
95954.jpg,2_9_50
95956.jpg,1_5_72
95963.jpg,0_1_77
95972.jpg,5_17_69
95977.jpg,5_17_5
95978.jpg,1_4_57
95980.jpg,0_2_21
95997.jpg,2_9_50
96004.jpg,0_2_21
96018.jpg,1_4_57
96024.jpg,0_0_18
96030.jpg,5_18_7
96034.jpg,4_14_27
96040.jpg,4_14_27
96047.jpg,3_11_63
96050.jpg,1_4_28
96055.jpg,1_4_41
96058.jpg,0_1_60
96059.jpg,3_12_51
96074.jpg,5_18_7
96077.jpg,0_0_68
96096.jpg,0_1_17
96103.jpg,1_4_57
96105.jpg,0_1_17
96109.jpg,5_19_2
96113.jpg,2_10_46
96122.jpg,1_4_28
96127.jpg,3_11_63
96159.jpg,0_2_40
96160.jpg,0_3_74
96163.jpg,0_3_74
96165.jpg,2_10_46
96166.jpg,4_13_66
96167.jpg,4_14_27
96168.jpg,0_3_74
96171.jpg,4_13_48
96178.jpg,5_17_71
96179.jpg,1_4_57
96183.jpg,0_3_39
96185.jpg,1_6_58
96187.jpg,0_2_22
96188.jpg,5_18_7
96216.jpg,5_17_6
96218.jpg,1_4_57
96221.jpg,0_1_36
96223.jpg,4_13_33
96232.jpg,1_5_72
96234.jpg,4_14_38
96239.jpg,2_9_24
96243.jpg,4_13_33
96244.jpg,1_4_57
96245.jpg,4_14_9
96267.jpg,4_16_15
96280.jpg,1_4_57
96283.jpg,0_2_22
96286.jpg,1_5_1
96287.jpg,5_17_6
96292.jpg,0_3_62
96294.jpg,2_10_55
96301.jpg,1_4_57
96315.jpg,0_3_39
96320.jpg,1_4_57
96321.jpg,4_14_10
96337.jpg,4_16_44
96359.jpg,0_2_29
96374.jpg,5_17_70
96386.jpg,4_14_10
96387.jpg,4_14_10
96389.jpg,0_2_22
96395.jpg,4_14_10
96401.jpg,5_17_70
96404.jpg,0_2_31
96406.jpg,2_9_53
96409.jpg,0_2_40
96411.jpg,5_17_71
96412.jpg,5_17_78
96413.jpg,5_19_2
96420.jpg,2_10_19
96422.jpg,1_5_30
96430.jpg,4_14_9
96442.jpg,4_14_9
96444.jpg,1_7_67
96455.jpg,4_16_26
96463.jpg,1_8_0
96464.jpg,4_13_65
96474.jpg,1_5_1
96476.jpg,4_14_10
96477.jpg,4_14_20
96491.jpg,1_5_72
96494.jpg,1_8_47
96496.jpg,1_4_57
96522.jpg,3_11_32
96526.jpg,4_16_42
96528.jpg,0_2_21
96539.jpg,2_10_55
96540.jpg,4_13_33
96550.jpg,0_0_8
96555.jpg,5_17_5
96569.jpg,0_1_60
96585.jpg,0_3_61
96586.jpg,1_4_57
96588.jpg,2_9_11
96590.jpg,1_8_47
96596.jpg,2_9_14
96607.jpg,5_17_43
96658.jpg,1_6_76
96662.jpg,0_2_75
96663.jpg,1_4_57
96670.jpg,0_0_18
96671.jpg,4_14_9
96676.jpg,1_4_28
96680.jpg,4_15_54
96687.jpg,0_2_21
96692.jpg,1_4_57
96700.jpg,0_2_29
96702.jpg,3_11_63
96713.jpg,4_14_10
96722.jpg,5_18_7
96725.jpg,1_5_72
96731.jpg,4_14_9
96735.jpg,4_16_42
96742.jpg,1_8_47
96743.jpg,4_14_10
96746.jpg,0_1_36
96749.jpg,4_13_12
96766.jpg,5_17_5
96769.jpg,1_4_57
96772.jpg,1_4_57
96773.jpg,1_4_57
96795.jpg,4_13_25
96798.jpg,1_4_28
96802.jpg,1_5_30
96804.jpg,1_4_57
96806.jpg,0_2_22
96812.jpg,4_13_66
96827.jpg,4_13_25
96829.jpg,1_4_57
96835.jpg,4_13_66
96836.jpg,5_17_6
96838.jpg,0_3_39
96848.jpg,0_2_31
96849.jpg,1_4_57
96854.jpg,2_10_55
96855.jpg,1_4_57
96862.jpg,2_10_55
96864.jpg,2_10_19
96883.jpg,1_4_57
96890.jpg,1_6_58
96891.jpg,1_7_49
96912.jpg,0_1_77
96922.jpg,4_13_48
96940.jpg,0_3_62
96944.jpg,0_1_36
96948.jpg,5_17_6
96950.jpg,0_0_18
96953.jpg,1_4_57
96955.jpg,1_4_57
96960.jpg,1_5_30
96965.jpg,1_4_57
96974.jpg,0_1_60
96981.jpg,0_2_40
96985.jpg,5_17_71
96991.jpg,4_13_33
97009.jpg,1_6_58
97012.jpg,5_18_7
97019.jpg,0_2_75
97026.jpg,1_6_58
97031.jpg,1_4_57
97036.jpg,1_4_57
97044.jpg,4_13_12
97053.jpg,4_16_26
97055.jpg,1_5_72
97059.jpg,0_2_22
97060.jpg,0_1_17
97082.jpg,4_13_66
97086.jpg,1_8_47
97092.jpg,5_17_69
97098.jpg,1_4_57
97100.jpg,4_13_12
97113.jpg,1_4_59
97114.jpg,1_4_57
97118.jpg,4_14_10
97122.jpg,3_11_63
97132.jpg,4_14_9
97133.jpg,4_13_25
97135.jpg,1_8_47
97140.jpg,2_9_14
97141.jpg,4_14_9
97142.jpg,1_5_13
97147.jpg,0_0_18
97161.jpg,3_11_32
97165.jpg,1_4_57
97167.jpg,4_13_66
97172.jpg,4_14_10
97175.jpg,3_12_45
97179.jpg,1_7_52
97186.jpg,0_2_22
97194.jpg,3_11_37
97201.jpg,4_16_44
97209.jpg,0_2_22
97217.jpg,1_7_34
97220.jpg,4_15_56
97221.jpg,0_3_61
97222.jpg,0_2_21
97228.jpg,2_9_11
97229.jpg,3_11_64
97231.jpg,0_3_74
97239.jpg,1_4_57
97256.jpg,4_16_15
97266.jpg,4_14_38
97267.jpg,2_9_14
97279.jpg,5_17_5
97294.jpg,4_13_25
97295.jpg,0_2_21
97302.jpg,4_13_25
97305.jpg,1_4_28
97308.jpg,1_4_57
97310.jpg,2_9_50
97311.jpg,4_14_9
97318.jpg,0_3_74
97319.jpg,4_14_10
97335.jpg,1_4_57
97343.jpg,5_19_4
97354.jpg,1_5_30
97363.jpg,3_12_45
97369.jpg,0_1_60
97370.jpg,3_11_63
97378.jpg,1_5_72
97380.jpg,4_14_10
97383.jpg,0_2_31
97387.jpg,3_11_37
97390.jpg,5_19_2
97393.jpg,1_4_28
97400.jpg,2_10_46
97401.jpg,5_18_7
97402.jpg,4_14_10
97404.jpg,3_11_32
97423.jpg,4_13_25
97437.jpg,5_17_71
97440.jpg,0_3_73
97444.jpg,0_1_17
97445.jpg,0_1_36
97450.jpg,4_14_10
97460.jpg,5_17_78
97462.jpg,0_1_17
97467.jpg,2_9_14
97469.jpg,1_7_52
97471.jpg,4_14_10
97478.jpg,1_6_58
97487.jpg,1_4_59
97497.jpg,1_5_13
97516.jpg,1_8_47
97518.jpg,0_2_40
97524.jpg,4_16_44
97531.jpg,0_0_8
97539.jpg,0_2_29
97548.jpg,1_4_57
97552.jpg,2_9_50
97561.jpg,2_10_46
97562.jpg,1_4_57
97570.jpg,1_8_0
97582.jpg,4_14_9
97585.jpg,0_2_21
97590.jpg,1_4_57
97592.jpg,1_7_67
97608.jpg,2_9_53
97612.jpg,4_16_44
97619.jpg,1_5_72
97620.jpg,5_19_2
97621.jpg,4_14_10
97622.jpg,0_0_68
97624.jpg,1_8_47
97626.jpg,0_2_22
97642.jpg,0_2_31
97644.jpg,4_13_65
97655.jpg,0_2_31
97669.jpg,1_6_76
97672.jpg,4_15_56
97676.jpg,0_3_39
97677.jpg,5_18_7
97682.jpg,5_19_2
97685.jpg,1_4_57
97691.jpg,5_17_78
97700.jpg,0_2_22
97703.jpg,1_4_57
97712.jpg,4_13_65
97721.jpg,1_6_58
97740.jpg,4_13_25
97745.jpg,5_19_4
97751.jpg,3_12_45
97752.jpg,3_11_63
97755.jpg,4_13_65
97760.jpg,1_4_57
97761.jpg,4_14_20
97771.jpg,1_4_57
97773.jpg,3_12_45
97784.jpg,1_4_57
97789.jpg,0_3_39
97791.jpg,4_13_12
97792.jpg,0_0_18
97803.jpg,5_17_69
97804.jpg,2_10_46
97809.jpg,0_0_18
97810.jpg,2_9_14
97822.jpg,1_4_57
97826.jpg,2_9_50
97851.jpg,1_5_72
97853.jpg,0_0_68
97860.jpg,4_16_26
97862.jpg,0_0_18
97867.jpg,2_9_11
97874.jpg,1_5_72
97877.jpg,3_11_64
97885.jpg,5_17_5
97890.jpg,4_14_38
97891.jpg,4_14_9
97903.jpg,4_14_10
97910.jpg,0_2_40
97912.jpg,2_9_50
97915.jpg,3_11_32
97917.jpg,1_7_49
97927.jpg,3_12_45
97929.jpg,4_16_26
97932.jpg,0_3_61
97939.jpg,0_2_31
97940.jpg,4_14_20
97944.jpg,1_7_49
97946.jpg,4_13_25
97953.jpg,5_19_2
97959.jpg,1_4_57
97966.jpg,5_17_43
97971.jpg,4_14_9
97972.jpg,0_2_75
97975.jpg,1_8_35
97981.jpg,4_13_12
97982.jpg,5_19_2
97985.jpg,4_13_79
97988.jpg,3_11_23
97994.jpg,0_2_21
98004.jpg,1_7_49
98020.jpg,1_5_72
98029.jpg,5_19_2
98043.jpg,1_7_52
98046.jpg,4_16_44
98049.jpg,0_2_29
98054.jpg,1_4_57
98060.jpg,4_13_66
98071.jpg,1_4_57
98086.jpg,2_9_24
98091.jpg,5_17_69
98092.jpg,0_3_39
98095.jpg,2_10_19
98128.jpg,2_9_50
98132.jpg,1_7_52
98157.jpg,0_3_61
98161.jpg,4_13_48
98166.jpg,4_16_26
98169.jpg,5_18_7
98175.jpg,4_13_66
98183.jpg,4_16_42
98184.jpg,1_4_57
98191.jpg,2_9_11
98193.jpg,3_12_45
98199.jpg,4_14_10
98202.jpg,2_10_55
98204.jpg,3_11_32
98206.jpg,1_5_13
98207.jpg,1_5_30
98216.jpg,0_2_31
98225.jpg,5_17_70
98242.jpg,1_4_57
98249.jpg,5_19_4
98255.jpg,4_16_26
98260.jpg,1_4_57
98263.jpg,1_5_1
98264.jpg,3_11_37
98267.jpg,1_4_59
98272.jpg,0_0_8
98276.jpg,2_9_24
98285.jpg,1_4_57
98299.jpg,3_12_45
98301.jpg,4_13_66
98304.jpg,4_13_33
98305.jpg,0_0_8
98315.jpg,4_13_66
98321.jpg,0_3_74
98328.jpg,3_12_45
98348.jpg,1_4_57
98352.jpg,1_4_41
98374.jpg,2_9_14
98378.jpg,0_0_68
98382.jpg,4_15_56
98383.jpg,0_0_18
98386.jpg,1_4_3
98387.jpg,5_17_6
98392.jpg,4_13_65
98395.jpg,1_5_30
98402.jpg,1_4_57
98405.jpg,4_14_10
98408.jpg,1_5_1
98409.jpg,1_4_57
98413.jpg,1_5_1
98414.jpg,0_3_74
98425.jpg,5_17_69
98426.jpg,1_6_76
98429.jpg,0_2_21
98432.jpg,0_3_62
98433.jpg,5_19_4
98437.jpg,3_12_51
98457.jpg,0_1_77
98463.jpg,1_4_57
98464.jpg,1_4_57
98474.jpg,2_9_11
98477.jpg,0_3_61
98480.jpg,1_8_47
98481.jpg,0_1_60
98483.jpg,2_9_14
98501.jpg,1_4_57
98503.jpg,1_4_57
98509.jpg,0_2_21
98530.jpg,4_13_66
98533.jpg,0_0_68
98544.jpg,1_5_30
98552.jpg,5_18_7
98553.jpg,1_4_57
98555.jpg,4_14_10
98558.jpg,1_5_1
98561.jpg,3_11_63
98567.jpg,4_16_15
98575.jpg,5_17_6
98578.jpg,1_4_57
98585.jpg,0_3_74
98595.jpg,1_4_57
98600.jpg,3_12_45
98603.jpg,5_19_2
98607.jpg,2_10_46
98616.jpg,1_4_57
98619.jpg,1_7_49
98624.jpg,0_2_40
98626.jpg,4_14_10
98630.jpg,0_2_40
98632.jpg,2_9_50
98640.jpg,0_0_8
98641.jpg,1_5_72
98655.jpg,1_5_72
98658.jpg,0_0_8
98663.jpg,1_4_57
98676.jpg,4_13_33
98677.jpg,1_4_28
98682.jpg,1_4_57
98685.jpg,0_0_18
98687.jpg,3_12_51
98705.jpg,1_4_28
98712.jpg,0_1_77
98716.jpg,2_9_11
98733.jpg,1_6_76
98737.jpg,5_18_7
98740.jpg,4_14_10
98747.jpg,5_19_4
98748.jpg,1_4_57
98755.jpg,4_13_65
98756.jpg,3_12_51
98760.jpg,4_13_33
98771.jpg,0_0_68
98776.jpg,0_1_16
98777.jpg,2_9_14
98794.jpg,0_1_36
98801.jpg,0_3_73
98807.jpg,3_12_45
98814.jpg,1_4_57
98818.jpg,0_0_8
98820.jpg,0_2_75
98826.jpg,5_19_4
98835.jpg,1_4_57
98838.jpg,3_11_32
98839.jpg,5_17_70
98857.jpg,0_0_18
98862.jpg,0_0_8
98865.jpg,1_4_57
98868.jpg,1_4_57
98871.jpg,0_2_22
98874.jpg,0_2_40
98888.jpg,2_9_50
98898.jpg,1_4_57
98909.jpg,4_14_9
98913.jpg,0_1_36
98914.jpg,1_4_57
98932.jpg,1_4_57
98933.jpg,5_17_6
98937.jpg,1_7_49
98943.jpg,4_13_25
98959.jpg,1_4_57
98960.jpg,0_2_22
98978.jpg,0_3_74
98982.jpg,0_2_31
98986.jpg,4_14_9
98988.jpg,0_3_39
98990.jpg,1_5_72
99002.jpg,1_4_3
99005.jpg,2_10_46
99009.jpg,0_1_60
99010.jpg,2_9_14
99015.jpg,3_11_37
99018.jpg,1_6_76
99019.jpg,3_11_23
99027.jpg,2_9_14
99032.jpg,1_5_13
99049.jpg,4_13_12
99080.jpg,5_17_6
99081.jpg,1_4_57
99083.jpg,5_17_5
99084.jpg,0_2_22
99094.jpg,5_17_5
99096.jpg,1_7_52
99102.jpg,1_4_3
99107.jpg,0_2_22
99108.jpg,0_2_22
99109.jpg,0_0_18
99118.jpg,4_13_33
99122.jpg,5_17_5
99124.jpg,5_19_4
99126.jpg,5_18_7
99149.jpg,2_9_53
99157.jpg,3_11_63
99160.jpg,4_16_42
99169.jpg,2_9_50
99184.jpg,3_11_64
99188.jpg,3_11_63
99204.jpg,3_11_23
99206.jpg,1_4_57
99210.jpg,0_2_29
99219.jpg,0_2_40
99221.jpg,1_7_67
99226.jpg,1_4_28
99234.jpg,1_4_57
99238.jpg,4_14_9
99258.jpg,5_19_2
99262.jpg,0_3_62
99264.jpg,0_1_77
99278.jpg,2_9_50
99286.jpg,5_19_2
99288.jpg,0_2_22
99299.jpg,4_13_66
99311.jpg,1_5_13
99312.jpg,4_14_10
99321.jpg,5_17_69
99322.jpg,0_1_17
99332.jpg,4_14_10
99346.jpg,1_7_34
99347.jpg,0_3_73
99349.jpg,0_1_60
99365.jpg,1_4_57
99366.jpg,1_7_67
99374.jpg,2_9_24
99378.jpg,4_13_12
99389.jpg,1_4_57
99391.jpg,4_13_12
99398.jpg,4_13_65
99405.jpg,1_8_47
99406.jpg,4_16_26
99413.jpg,1_4_57
99417.jpg,1_6_76
99421.jpg,0_0_68
99426.jpg,5_17_69
99430.jpg,0_3_62
99433.jpg,1_4_57
99444.jpg,0_2_22
99448.jpg,1_8_47
99466.jpg,4_14_10
99478.jpg,3_11_32
99490.jpg,4_16_26
99501.jpg,5_17_71
99502.jpg,4_14_9
99511.jpg,0_1_77
99513.jpg,0_2_40
99516.jpg,1_7_52
99517.jpg,5_17_5
99533.jpg,1_6_58
99534.jpg,0_3_39
99542.jpg,1_5_72
99558.jpg,5_17_70
99559.jpg,1_6_58
99561.jpg,1_7_49
99564.jpg,1_7_49
99574.jpg,1_4_57
99575.jpg,5_18_7
99595.jpg,1_6_58
99596.jpg,0_0_68
99597.jpg,1_8_47
99600.jpg,0_2_31
99612.jpg,1_8_0
99615.jpg,0_1_77
99622.jpg,1_5_13
99635.jpg,0_3_39
99652.jpg,4_13_65
99653.jpg,0_1_77
99658.jpg,1_4_57
99669.jpg,0_0_68
99672.jpg,0_2_22
99674.jpg,4_13_12
99679.jpg,0_1_60
99686.jpg,1_8_47
99690.jpg,5_19_4
99693.jpg,2_9_53
99695.jpg,2_9_50
99706.jpg,2_9_11
99707.jpg,4_13_25
99712.jpg,4_16_26
99713.jpg,4_16_42
99716.jpg,3_11_37
99717.jpg,3_11_23
99733.jpg,0_1_60
99736.jpg,3_11_64
99741.jpg,3_12_51
99748.jpg,1_7_49
99753.jpg,4_14_38
99755.jpg,4_14_38
99765.jpg,2_9_24
99766.jpg,3_11_63
99772.jpg,1_8_35
99790.jpg,4_13_25
99799.jpg,0_3_61
99803.jpg,3_11_23
99805.jpg,1_7_49
99825.jpg,1_7_49
99827.jpg,0_1_77
99837.jpg,3_11_37
99840.jpg,0_0_68
99847.jpg,4_14_38
99854.jpg,1_4_57
99858.jpg,0_1_17
99860.jpg,1_4_57
99868.jpg,4_13_66
99872.jpg,4_16_26
99876.jpg,3_12_51
99880.jpg,4_14_38
99883.jpg,2_9_24
99889.jpg,0_1_16
99892.jpg,4_13_66
99905.jpg,0_3_39
99906.jpg,1_4_57
99913.jpg,1_4_57
99919.jpg,1_8_47
99927.jpg,1_4_57
99934.jpg,1_4_57
99935.jpg,0_2_29
99936.jpg,1_7_52
99940.jpg,2_9_11
99941.jpg,2_9_11
99942.jpg,5_17_43
99947.jpg,5_18_7
99953.jpg,3_12_45
99961.jpg,0_2_40
99968.jpg,1_5_1
99969.jpg,0_2_29
99975.jpg,4_16_26
99981.jpg,4_16_26
99985.jpg,4_16_44
99988.jpg,4_16_26
